departure_time,trip_id,stop_id,route_id,service_id,trip_headsign,route_long_name
06:01,11_39_20251001,5,3_30092_1_20251001,5,桜町バスターミナル,M1-1：中の瀬車庫→田迎→桜町バスターミナル
06:01,1_1220_20251001,5,3_30092_1_20251001,8,桜町バスターミナル,M1-1：中の瀬車庫→田迎→桜町バスターミナル
06:11,1_1222_20251001,5,3_30092_1_20251001,8,桜町バスターミナル,M1-1：中の瀬車庫→田迎→桜町バスターミナル
06:11,11_41_20251001,5,3_30092_1_20251001,5,桜町バスターミナル,M1-1：中の瀬車庫→田迎→桜町バスターミナル
06:14,1_1221_20251001,5,3_30092_1_20251001,8,桜町バスターミナル,M1-1：中の瀬車庫→田迎→桜町バスターミナル
06:14,11_40_20251001,5,3_30092_1_20251001,5,桜町バスターミナル,M1-1：中の瀬車庫→田迎→桜町バスターミナル
06:19,1_1510_20251001,5,3_30092_1_20251001,8,桜町バスターミナル,M1-1：中の瀬車庫→田迎→桜町バスターミナル
06:19,11_333_20251001,5,3_30092_1_20251001,5,桜町バスターミナル,M1-1：中の瀬車庫→田迎→桜町バスターミナル
06:29,2_430_20251001,5,3_30092_1_20251001,6,桜町バスターミナル,M1-1：中の瀬車庫→田迎→桜町バスターミナル
06:29,3_1600_20251001,5,3_30092_1_20251001,7,桜町バスターミナル,M1-1：中の瀬車庫→田迎→桜町バスターミナル
06:30,1_1385_20251001,1,38_38332_1_20251001,8,桜町バスターミナル,P2-4：御幸木部→大学病院構内→桜町バスターミナル
06:30,11_207_20251001,1,38_38332_1_20251001,5,桜町バスターミナル,P2-4：御幸木部→大学病院構内→桜町バスターミナル
06:34,11_42_20251001,5,3_30092_1_20251001,5,桜町バスターミナル,M1-1：中の瀬車庫→田迎→桜町バスターミナル
06:34,1_1223_20251001,5,3_30092_1_20251001,8,桜町バスターミナル,M1-1：中の瀬車庫→田迎→桜町バスターミナル
06:34,1_1202_20251001,6,2_2421_2_20251001,8,浜町,M4-3：桜町バスターミナル→田迎→イオン→辺場→内大臣→浜町
06:34,11_21_20251001,6,2_2421_2_20251001,5,浜町,M4-3：桜町バスターミナル→田迎→イオン→辺場→内大臣→浜町
06:37,1_1182_20251001,6,1_1313_2_20251001,8,通潤山荘,M3-2：桜町バスターミナル→田迎→イオン→通潤山荘
06:37,11_1_20251001,6,1_1313_2_20251001,5,通潤山荘,M3-2：桜町バスターミナル→田迎→イオン→通潤山荘
06:39,2_431_20251001,5,3_30092_1_20251001,6,桜町バスターミナル,M1-1：中の瀬車庫→田迎→桜町バスターミナル
06:41,1_1397_20251001,5,2_32023_2_20251001,8,甲佐,K2-4/M4-1：甲佐→辺場→イオン→田迎→桜町バスターミナル・県庁・健軍→甲佐
06:41,11_219_20251001,5,2_32023_2_20251001,5,甲佐,K2-4/M4-1：甲佐→辺場→イオン→田迎→桜町バスターミナル・県庁・健軍→甲佐
06:42,11_56_20251001,6,15_16031_2_20251001,5,宇土駅東口,M6-2：桜町バスターミナル→田迎→イオン→城南→宇土駅
06:42,1_1236_20251001,6,15_16031_2_20251001,8,宇土駅東口,M6-2：桜町バスターミナル→田迎→イオン→城南→宇土駅
06:44,3_1601_20251001,5,3_30092_1_20251001,7,桜町バスターミナル,M1-1：中の瀬車庫→田迎→桜町バスターミナル
06:45,1_111000047_20251001,3,4022_7201_1_20251001,0,野越団地,P2-1：南熊本駅→平成町→済生会病院→野越団地
06:46,11_336_20251001,5,3_30092_1_20251001,5,桜町バスターミナル,M1-1：中の瀬車庫→田迎→桜町バスターミナル
06:46,2_567_20251001,5,2_2062_1_20251001,6,桜町バスターミナル,M4-1：甲佐→辺場→イオン→田迎→桜町バスターミナル
06:46,1_1513_20251001,5,3_30092_1_20251001,8,桜町バスターミナル,M1-1：中の瀬車庫→田迎→桜町バスターミナル
06:48,1_1243_20251001,6,15_17021_2_20251001,8,松橋駅,M6-3：桜町バスターミナル→田迎→イオン→城南→松橋駅
06:48,11_63_20251001,6,15_17021_2_20251001,5,松橋駅,M6-3：桜町バスターミナル→田迎→イオン→城南→松橋駅
06:49,2_589_20251001,5,3_30092_1_20251001,6,桜町バスターミナル,M1-1：中の瀬車庫→田迎→桜町バスターミナル
06:53,1_111000641_20251001,3,4021_4531_1_20251001,0,桜町バスターミナル,P0-0：桜町バスターミナル→下通筋→南熊本駅→画図道→桜町バスターミナル
06:55,2_561_20251001,1,38_38332_1_20251001,6,桜町バスターミナル,P2-4：御幸木部→大学病院構内→桜町バスターミナル
06:55,1_111000030_20251001,3,4020_4171_1_20251001,0,長溝団地,P3-1：南熊本駅→長溝団地
06:56,2_432_20251001,5,3_30092_1_20251001,6,桜町バスターミナル,M1-1：中の瀬車庫→田迎→桜町バスターミナル
06:57,11_209_20251001,1,38_38332_1_20251001,5,桜町バスターミナル,P2-4：御幸木部→大学病院構内→桜町バスターミナル
06:57,1_1387_20251001,1,38_38332_1_20251001,8,桜町バスターミナル,P2-4：御幸木部→大学病院構内→桜町バスターミナル
06:59,2_559_20251001,6,1_1313_2_20251001,6,通潤山荘,M3-2：桜町バスターミナル→田迎→イオン→通潤山荘
06:59,3_1739_20251001,6,1_1313_2_20251001,7,通潤山荘,M3-2：桜町バスターミナル→田迎→イオン→通潤山荘
06:59,3_1603_20251001,5,3_30092_1_20251001,7,桜町バスターミナル,M1-1：中の瀬車庫→田迎→桜町バスターミナル
07:00,11_27_20251001,6,3_3043_2_20251001,5,甲佐,M3-1：桜町バスターミナル→田迎→イオン→御船→甲佐
07:00,1_1208_20251001,6,3_3043_2_20251001,8,甲佐,M3-1：桜町バスターミナル→田迎→イオン→御船→甲佐
07:01,1_1504_20251001,5,3_3044_1_20251001,8,桜町バスターミナル,M3-1：甲佐→御船→イオン→田迎→桜町バスターミナル
07:01,11_327_20251001,5,3_3044_1_20251001,5,桜町バスターミナル,M3-1：甲佐→御船→イオン→田迎→桜町バスターミナル
07:02,1_111000668_20251001,2,4021_4521_1_20251001,0,桜町バスターミナル,L0-0：桜町バスターミナル→画図道→南熊本駅→下通筋→桜町バスターミナル
07:06,1_111001569_20251001,3,4022_2311_1_20251001,0,野越団地,P2-1：桜町バスターミナル→下通筋→平成町→済生会病院→野越団地
07:07,11_68_20251001,5,15_15042_1_20251001,5,桜町バスターミナル,M6-1：城南→イオン→田迎→桜町バスターミナル
07:07,1_1247_20251001,5,15_15042_1_20251001,8,桜町バスターミナル,M6-1：城南→イオン→田迎→桜町バスターミナル
07:08,2_581_20251001,5,3_30122_1_20251001,6,桜町バスターミナル,M2-1：イオン→中の瀬車庫→田迎→桜町バスターミナル
07:09,3_1777_20251001,5,2_2062_1_20251001,7,桜町バスターミナル,M4-1：甲佐→辺場→イオン→田迎→桜町バスターミナル
07:13,3_1602_20251001,5,3_30092_1_20251001,7,桜町バスターミナル,M1-1：中の瀬車庫→田迎→桜町バスターミナル
07:14,2_632_20251001,6,15_18021_2_20251001,6,志導寺,M6-4：桜町バスターミナル→田迎→イオン→城南→志導寺
07:15,11_198_20251001,2,38_38111_2_20251001,5,御幸木部,P2-2：桜町バスターミナル→大学病院→御幸木部
07:15,1_1376_20251001,2,38_38111_2_20251001,8,御幸木部,P2-2：桜町バスターミナル→大学病院→御幸木部
07:15,1_1196_20251001,6,2_2061_2_20251001,8,甲佐,M4-1：桜町バスターミナル→田迎→イオン→辺場→甲佐
07:15,11_15_20251001,6,2_2061_2_20251001,5,甲佐,M4-1：桜町バスターミナル→田迎→イオン→辺場→甲佐
07:16,1_1326_20251001,5,25_25052_1_20251001,8,桜町バスターミナル,M5-1：甲佐→乙女→イオン→田迎→桜町バスターミナル
07:16,11_148_20251001,5,25_25052_1_20251001,5,桜町バスターミナル,M5-1：甲佐→乙女→イオン→田迎→桜町バスターミナル
07:17,1_111000516_20251001,2,4020_4141_1_20251001,0,桜町バスターミナル,P3-1：長溝団地→南熊本駅→新市街→桜町バスターミナル
07:17,1_1388_20251001,1,38_38332_1_20251001,8,桜町バスターミナル,P2-4：御幸木部→大学病院構内→桜町バスターミナル
07:17,11_210_20251001,1,38_38332_1_20251001,5,桜町バスターミナル,P2-4：御幸木部→大学病院構内→桜町バスターミナル
07:19,2_400_20251001,6,2_2321_2_20251001,6,砥用・学校前,M4-2：桜町バスターミナル→田迎→イオン→辺場→砥用
07:19,3_1614_20251001,6,3_30121_2_20251001,7,イオンモール熊本,M2-1：桜町バスターミナル→田迎→中の瀬車庫→イオン
07:20,3_1619_20251001,5,15_15042_1_20251001,7,桜町バスターミナル,M6-1：城南→イオン→田迎→桜町バスターミナル
07:22,2_447_20251001,5,15_15042_1_20251001,6,桜町バスターミナル,M6-1：城南→イオン→田迎→桜町バスターミナル
07:25,3_1725_20251001,1,38_38332_1_20251001,7,桜町バスターミナル,P2-4：御幸木部→大学病院構内→桜町バスターミナル
07:25,11_233_20251001,6,15_17021_2_20251001,5,松橋駅,M6-3：桜町バスターミナル→田迎→イオン→城南→松橋駅
07:25,1_1411_20251001,6,15_17021_2_20251001,8,松橋駅,M6-3：桜町バスターミナル→田迎→イオン→城南→松橋駅
07:25,2_546_20251001,1,38_38332_1_20251001,6,桜町バスターミナル,P2-4：御幸木部→大学病院構内→桜町バスターミナル
07:26,1_111001553_20251001,2,4022_2312_2_20251001,0,桜町バスターミナル,P2-1：野越団地→済生会病院→平成町→下通筋→桜町バスターミナル
07:27,1_111000642_20251001,3,4021_4531_1_20251001,0,桜町バスターミナル,P0-0：桜町バスターミナル→下通筋→南熊本駅→画図道→桜町バスターミナル
07:27,11_25_20251001,5,2_2322_1_20251001,5,桜町バスターミナル,M4-2：砥用→辺場→イオン→田迎→桜町バスターミナル
07:27,1_1206_20251001,5,2_2322_1_20251001,8,桜町バスターミナル,M4-2：砥用→辺場→イオン→田迎→桜町バスターミナル
07:29,2_583_20251001,6,3_30121_2_20251001,6,イオンモール熊本,M2-1：桜町バスターミナル→田迎→中の瀬車庫→イオン
07:30,11_242_20251001,5,15_15042_1_20251001,5,桜町バスターミナル,M6-1：城南→イオン→田迎→桜町バスターミナル
07:30,1_1420_20251001,5,15_15042_1_20251001,8,桜町バスターミナル,M6-1：城南→イオン→田迎→桜町バスターミナル
07:34,3_1586_20251001,5,3_3044_1_20251001,7,桜町バスターミナル,M3-1：甲佐→御船→イオン→田迎→桜町バスターミナル
07:35,1_1386_20251001,1,38_38332_1_20251001,8,桜町バスターミナル,P2-4：御幸木部→大学病院構内→桜町バスターミナル
07:35,11_208_20251001,1,38_38332_1_20251001,5,桜町バスターミナル,P2-4：御幸木部→大学病院構内→桜町バスターミナル
07:36,1_111000486_20251001,3,4007_3601_1_20251001,0,熊本駅前,O4-0：熊本駅→南熊本駅→県立劇場→本荘町→熊本駅
07:37,1_111000669_20251001,2,4021_4521_1_20251001,0,桜町バスターミナル,L0-0：桜町バスターミナル→画図道→南熊本駅→下通筋→桜町バスターミナル
07:38,3_1607_20251001,5,3_30122_1_20251001,7,桜町バスターミナル,M2-1：イオン→中の瀬車庫→田迎→桜町バスターミナル
07:40,1_1183_20251001,6,1_1313_2_20251001,8,通潤山荘,M3-2：桜町バスターミナル→田迎→イオン→通潤山荘
07:40,11_2_20251001,6,1_1313_2_20251001,5,通潤山荘,M3-2：桜町バスターミナル→田迎→イオン→通潤山荘
07:41,2_415_20251001,5,3_3044_1_20251001,6,桜町バスターミナル,M3-1：甲佐→御船→イオン→田迎→桜町バスターミナル
07:41,1_111000477_20251001,2,4007_3661_1_20251001,0,熊本駅前,O3-0：熊本駅→本荘町→大学病院構内→県立劇場→南熊本駅→熊本駅
07:42,1_111000530_20251001,3,4020_4142_2_20251001,0,長溝団地,P3-1：桜町バスターミナル→新市街→南熊本駅→長溝団地
07:44,11_383_20251001,5,3_30122_1_20251001,5,桜町バスターミナル,M2-1：イオン→中の瀬車庫→田迎→桜町バスターミナル
07:44,7_311000474_20251001,3,4021_4531_1_20251001,7,桜町バスターミナル,P0-0：桜町バスターミナル→下通筋→南熊本駅→画図道→桜町バスターミナル
07:44,1_1556_20251001,5,3_30122_1_20251001,8,桜町バスターミナル,M2-1：イオン→中の瀬車庫→田迎→桜町バスターミナル
07:45,3_1573_20251001,6,2_2321_2_20251001,7,砥用・学校前,M4-2：桜町バスターミナル→田迎→イオン→辺場→砥用
07:47,3_1604_20251001,5,3_30092_1_20251001,7,桜町バスターミナル,M1-1：中の瀬車庫→田迎→桜町バスターミナル
07:49,7_311000826_20251001,2,4022_2312_2_20251001,7,桜町バスターミナル,P2-1：野越団地→済生会病院→平成町→下通筋→桜町バスターミナル
07:49,7_311000494_20251001,2,4021_4521_1_20251001,7,桜町バスターミナル,L0-0：桜町バスターミナル→画図道→南熊本駅→下通筋→桜町バスターミナル
07:51,2_564_20251001,2,38_38111_2_20251001,6,御幸木部,P2-2：桜町バスターミナル→大学病院→御幸木部
07:51,2_398_20251001,5,2_2322_1_20251001,6,桜町バスターミナル,M4-2：砥用→辺場→イオン→田迎→桜町バスターミナル
07:52,1_111000643_20251001,3,4021_4531_1_20251001,0,桜町バスターミナル,P0-0：桜町バスターミナル→下通筋→南熊本駅→画図道→桜町バスターミナル
07:54,1_111000543_20251001,2,4020_4102_2_20251001,0,変電所前,G4-1：長溝団地→南熊本駅→桜町バスターミナル→変電所
07:55,3_1726_20251001,1,38_38332_1_20251001,7,桜町バスターミナル,P2-4：御幸木部→大学病院構内→桜町バスターミナル
07:55,2_547_20251001,1,38_38332_1_20251001,6,桜町バスターミナル,P2-4：御幸木部→大学病院構内→桜町バスターミナル
07:55,1_111001554_20251001,2,4022_2312_2_20251001,0,桜町バスターミナル,P2-1：野越団地→済生会病院→平成町→下通筋→桜町バスターミナル
07:55,1_1377_20251001,2,38_38111_2_20251001,8,御幸木部,P2-2：桜町バスターミナル→大学病院→御幸木部
07:55,3_1606_20251001,5,3_30122_1_20251001,7,桜町バスターミナル,M2-1：イオン→中の瀬車庫→田迎→桜町バスターミナル
07:55,1_1317_20251001,6,25_25051_2_20251001,8,甲佐,M5-1：桜町バスターミナル→田迎→イオン→乙女→甲佐
07:55,11_139_20251001,6,25_25051_2_20251001,5,甲佐,M5-1：桜町バスターミナル→田迎→イオン→乙女→甲佐
07:55,1_1440_20251001,5,15_18022_1_20251001,8,桜町バスターミナル,M6-4：志導寺→城南→イオン→田迎→桜町バスターミナル
07:55,11_263_20251001,5,15_18022_1_20251001,5,桜町バスターミナル,M6-4：志導寺→城南→イオン→田迎→桜町バスターミナル
07:55,2_633_20251001,6,15_18021_2_20251001,6,志導寺,M6-4：桜町バスターミナル→田迎→イオン→城南→志導寺
07:55,3_1626_20251001,6,15_15041_2_20251001,7,城南,M6-1：桜町バスターミナル→田迎→イオン→城南
07:55,11_199_20251001,2,38_38111_2_20251001,5,御幸木部,P2-2：桜町バスターミナル→大学病院→御幸木部
07:57,1_111000117_20251001,2,4022_2302_2_20251001,0,桜町バスターミナル,P1-1：済生会病院→萩原→辛島町→桜町バスターミナル
07:58,7_311000083_20251001,3,4020_4171_1_20251001,7,長溝団地,P3-1：南熊本駅→長溝団地
08:00,1_1461_20251001,5,2_2322_1_20251001,8,桜町バスターミナル,M4-2：砥用→辺場→イオン→田迎→桜町バスターミナル
08:00,11_284_20251001,5,2_2322_1_20251001,5,桜町バスターミナル,M4-2：砥用→辺場→イオン→田迎→桜町バスターミナル
08:00,7_311000077_20251001,3,4022_7201_1_20251001,7,野越団地,P2-1：南熊本駅→平成町→済生会病院→野越団地
08:04,1_111000670_20251001,2,4021_4521_1_20251001,0,桜町バスターミナル,L0-0：桜町バスターミナル→画図道→南熊本駅→下通筋→桜町バスターミナル
08:05,11_211_20251001,1,38_38332_1_20251001,5,桜町バスターミナル,P2-4：御幸木部→大学病院構内→桜町バスターミナル
08:05,1_1389_20251001,1,38_38332_1_20251001,8,桜町バスターミナル,P2-4：御幸木部→大学病院構内→桜町バスターミナル
08:07,1_1197_20251001,6,2_2061_2_20251001,8,甲佐,M4-1：桜町バスターミナル→田迎→イオン→辺場→甲佐
08:07,3_1741_20251001,5,3_30122_1_20251001,7,桜町バスターミナル,M2-1：イオン→中の瀬車庫→田迎→桜町バスターミナル
08:07,11_16_20251001,6,2_2061_2_20251001,5,甲佐,M4-1：桜町バスターミナル→田迎→イオン→辺場→甲佐
08:08,1_111001570_20251001,3,4022_2311_1_20251001,0,野越団地,P2-1：桜町バスターミナル→下通筋→平成町→済生会病院→野越団地
08:09,3_1732_20251001,2,38_38111_2_20251001,7,御幸木部,P2-2：桜町バスターミナル→大学病院→御幸木部
08:10,7_311000392_20251001,2,4020_4141_1_20251001,7,桜町バスターミナル,P3-1：長溝団地→南熊本駅→新市街→桜町バスターミナル
08:10,2_423_20251001,6,3_3043_2_20251001,6,甲佐,M3-1：桜町バスターミナル→田迎→イオン→御船→甲佐
08:10,3_1593_20251001,6,3_3043_2_20251001,7,甲佐,M3-1：桜町バスターミナル→田迎→イオン→御船→甲佐
08:15,1_1539_20251001,5,3_30092_1_20251001,8,桜町バスターミナル,M1-1：中の瀬車庫→田迎→桜町バスターミナル
08:15,11_362_20251001,5,3_30092_1_20251001,5,桜町バスターミナル,M1-1：中の瀬車庫→田迎→桜町バスターミナル
08:16,3_1570_20251001,5,2_2322_1_20251001,7,桜町バスターミナル,M4-2：砥用→辺場→イオン→田迎→桜町バスターミナル
08:16,2_590_20251001,5,3_30122_1_20251001,6,桜町バスターミナル,M2-1：イオン→中の瀬車庫→田迎→桜町バスターミナル
08:20,11_261_20251001,6,15_18021_2_20251001,5,志導寺,M6-4：桜町バスターミナル→田迎→イオン→城南→志導寺
08:20,2_506_20251001,6,25_25051_2_20251001,6,甲佐,M5-1：桜町バスターミナル→田迎→イオン→乙女→甲佐
08:20,1_1438_20251001,6,15_18021_2_20251001,8,志導寺,M6-4：桜町バスターミナル→田迎→イオン→城南→志導寺
08:21,1_1189_20251001,5,1_1314_1_20251001,8,桜町バスターミナル,M3-2：通潤山荘→イオン→田迎→桜町バスターミナル
08:21,11_8_20251001,5,1_1314_1_20251001,5,桜町バスターミナル,M3-2：通潤山荘→イオン→田迎→桜町バスターミナル
08:22,2_552_20251001,2,38_38111_2_20251001,6,御幸木部,P2-2：桜町バスターミナル→大学病院→御幸木部
08:25,11_379_20251001,6,3_30121_2_20251001,5,イオンモール熊本,M2-1：桜町バスターミナル→田迎→中の瀬車庫→イオン
08:25,1_1552_20251001,6,3_30121_2_20251001,8,イオンモール熊本,M2-1：桜町バスターミナル→田迎→中の瀬車庫→イオン
08:25,11_200_20251001,2,38_38111_2_20251001,5,御幸木部,P2-2：桜町バスターミナル→大学病院→御幸木部
08:25,3_1615_20251001,6,3_30121_2_20251001,7,イオンモール熊本,M2-1：桜町バスターミナル→田迎→中の瀬車庫→イオン
08:25,1_1378_20251001,2,38_38111_2_20251001,8,御幸木部,P2-2：桜町バスターミナル→大学病院→御幸木部
08:26,2_502_20251001,5,25_25052_1_20251001,6,桜町バスターミナル,M5-1：甲佐→乙女→イオン→田迎→桜町バスターミナル
08:26,1_111000544_20251001,2,4020_4102_2_20251001,0,変電所前,G4-1：長溝団地→南熊本駅→桜町バスターミナル→変電所
08:27,2_562_20251001,1,38_38332_1_20251001,6,桜町バスターミナル,P2-4：御幸木部→大学病院構内→桜町バスターミナル
08:28,3_1825_20251001,5,3_30092_1_20251001,7,桜町バスターミナル,M1-1：中の瀬車庫→田迎→桜町バスターミナル
08:30,11_212_20251001,1,38_38332_1_20251001,5,桜町バスターミナル,P2-4：御幸木部→大学病院構内→桜町バスターミナル
08:30,1_1390_20251001,1,38_38332_1_20251001,8,桜町バスターミナル,P2-4：御幸木部→大学病院構内→桜町バスターミナル
08:31,1_1398_20251001,5,2_2062_1_20251001,8,桜町バスターミナル,M4-1：甲佐→辺場→イオン→田迎→桜町バスターミナル
08:31,11_220_20251001,5,2_2062_1_20251001,5,桜町バスターミナル,M4-1：甲佐→辺場→イオン→田迎→桜町バスターミナル
08:32,1_111000644_20251001,3,4021_4531_1_20251001,0,桜町バスターミナル,P0-0：桜町バスターミナル→下通筋→南熊本駅→画図道→桜町バスターミナル
08:33,1_111000488_20251001,3,4007_3601_1_20251001,0,熊本駅前,O4-0：熊本駅→南熊本駅→県立劇場→本荘町→熊本駅
08:35,1_1505_20251001,6,3_30091_2_20251001,8,中の瀬車庫,M1-1：桜町バスターミナル→田迎→中の瀬車庫
08:35,2_393_20251001,6,1_1313_2_20251001,6,通潤山荘,M3-2：桜町バスターミナル→田迎→イオン→通潤山荘
08:35,11_328_20251001,6,3_30091_2_20251001,5,中の瀬車庫,M1-1：桜町バスターミナル→田迎→中の瀬車庫
08:36,7_311001127_20251001,2,4022_2312_2_20251001,7,桜町バスターミナル,P2-1：野越団地→済生会病院→平成町→下通筋→桜町バスターミナル
08:37,1_111000549_20251001,3,4020_4142_2_20251001,0,長溝団地,P3-1：桜町バスターミナル→新市街→南熊本駅→長溝団地
08:38,2_387_20251001,5,1_1314_1_20251001,6,桜町バスターミナル,M3-2：通潤山荘→イオン→田迎→桜町バスターミナル
08:39,1_1250_20251001,5,15_16032_1_20251001,8,桜町バスターミナル,M6-2：宇土駅→城南→イオン→田迎→桜町バスターミナル
08:39,7_311000475_20251001,3,4021_4531_1_20251001,7,桜町バスターミナル,P0-0：桜町バスターミナル→下通筋→南熊本駅→画図道→桜町バスターミナル
08:39,11_71_20251001,5,15_16032_1_20251001,5,桜町バスターミナル,M6-2：宇土駅→城南→イオン→田迎→桜町バスターミナル
08:39,7_311000495_20251001,2,4021_4521_1_20251001,7,桜町バスターミナル,L0-0：桜町バスターミナル→画図道→南熊本駅→下通筋→桜町バスターミナル
08:40,3_1683_20251001,5,25_25052_1_20251001,7,桜町バスターミナル,M5-1：甲佐→乙女→イオン→田迎→桜町バスターミナル
08:40,3_1834_20251001,6,3_30121_2_20251001,7,イオンモール熊本,M2-1：桜町バスターミナル→田迎→中の瀬車庫→イオン
08:41,2_582_20251001,5,3_30122_1_20251001,6,桜町バスターミナル,M2-1：イオン→中の瀬車庫→田迎→桜町バスターミナル
08:41,1_111000671_20251001,2,4021_4521_1_20251001,0,桜町バスターミナル,L0-0：桜町バスターミナル→画図道→南熊本駅→下通筋→桜町バスターミナル
08:42,1_111000479_20251001,2,4007_3661_1_20251001,0,熊本駅前,O3-0：熊本駅→本荘町→大学病院構内→県立劇場→南熊本駅→熊本駅
08:43,7_311000405_20251001,3,4020_4142_2_20251001,7,長溝団地,P3-1：桜町バスターミナル→新市街→南熊本駅→長溝団地
08:45,3_1560_20251001,5,1_1314_1_20251001,7,桜町バスターミナル,M3-2：通潤山荘→イオン→田迎→桜町バスターミナル
08:45,1_1209_20251001,6,3_3043_2_20251001,8,甲佐,M3-1：桜町バスターミナル→田迎→イオン→御船→甲佐
08:45,11_28_20251001,6,3_3043_2_20251001,5,甲佐,M3-1：桜町バスターミナル→田迎→イオン→御船→甲佐
08:50,3_1686_20251001,6,25_25051_2_20251001,7,甲佐,M5-1：桜町バスターミナル→田迎→イオン→乙女→甲佐
08:50,3_1740_20251001,5,3_30122_1_20251001,7,桜町バスターミナル,M2-1：イオン→中の瀬車庫→田迎→桜町バスターミナル
08:50,2_410_20251001,6,2_2061_2_20251001,6,甲佐,M4-1：桜町バスターミナル→田迎→イオン→辺場→甲佐
08:52,3_1733_20251001,2,38_38111_2_20251001,7,御幸木部,P2-2：桜町バスターミナル→大学病院→御幸木部
08:55,11_363_20251001,5,25_25052_1_20251001,5,桜町バスターミナル,M5-1：甲佐→乙女→イオン→田迎→桜町バスターミナル
08:55,11_294_20251001,2,38_38111_2_20251001,5,御幸木部,P2-2：桜町バスターミナル→大学病院→御幸木部
08:55,1_1471_20251001,2,38_38111_2_20251001,8,御幸木部,P2-2：桜町バスターミナル→大学病院→御幸木部
08:55,1_1540_20251001,5,25_25052_1_20251001,8,桜町バスターミナル,M5-1：甲佐→乙女→イオン→田迎→桜町バスターミナル
08:56,2_635_20251001,5,15_18022_1_20251001,6,桜町バスターミナル,M6-4：志導寺→城南→イオン→田迎→桜町バスターミナル
08:56,1_111001555_20251001,2,4022_2312_2_20251001,0,桜町バスターミナル,P2-1：野越団地→済生会病院→平成町→下通筋→桜町バスターミナル
08:57,3_1727_20251001,1,38_38332_1_20251001,7,桜町バスターミナル,P2-4：御幸木部→大学病院構内→桜町バスターミナル
08:57,2_548_20251001,1,38_38332_1_20251001,6,桜町バスターミナル,P2-4：御幸木部→大学病院構内→桜町バスターミナル
09:00,1_1530_20251001,6,2_2061_2_20251001,8,甲佐,M4-1：桜町バスターミナル→田迎→イオン→辺場→甲佐
09:00,11_353_20251001,6,2_2061_2_20251001,5,甲佐,M4-1：桜町バスターミナル→田迎→イオン→辺場→甲佐
09:00,3_1627_20251001,6,15_15041_2_20251001,7,城南,M6-1：桜町バスターミナル→田迎→イオン→城南
09:00,2_568_20251001,6,15_16031_2_20251001,6,宇土駅東口,M6-2：桜町バスターミナル→田迎→イオン→城南→宇土駅
09:02,11_213_20251001,1,38_38332_1_20251001,5,桜町バスターミナル,P2-4：御幸木部→大学病院構内→桜町バスターミナル
09:02,2_658_20251001,2,38_38111_2_20251001,6,御幸木部,P2-2：桜町バスターミナル→大学病院→御幸木部
09:02,1_1391_20251001,1,38_38332_1_20251001,8,桜町バスターミナル,P2-4：御幸木部→大学病院構内→桜町バスターミナル
09:04,1_1519_20251001,5,15_18022_1_20251001,8,桜町バスターミナル,M6-4：志導寺→城南→イオン→田迎→桜町バスターミナル
09:04,11_342_20251001,5,15_18022_1_20251001,5,桜町バスターミナル,M6-4：志導寺→城南→イオン→田迎→桜町バスターミナル
09:05,11_364_20251001,6,3_30091_2_20251001,5,中の瀬車庫,M1-1：桜町バスターミナル→田迎→中の瀬車庫
09:05,7_311000089_20251001,2,4020_4141_1_20251001,7,桜町バスターミナル,P3-1：長溝団地→南熊本駅→新市街→桜町バスターミナル
09:05,1_1541_20251001,6,3_30091_2_20251001,8,中の瀬車庫,M1-1：桜町バスターミナル→田迎→中の瀬車庫
09:06,1_111000111_20251001,2,4020_4141_1_20251001,0,桜町バスターミナル,P3-1：長溝団地→南熊本駅→新市街→桜町バスターミナル
09:06,2_626_20251001,5,3_30122_1_20251001,6,桜町バスターミナル,M2-1：イオン→中の瀬車庫→田迎→桜町バスターミナル
09:07,1_111001572_20251001,3,4022_2311_1_20251001,0,野越団地,P2-1：桜町バスターミナル→下通筋→平成町→済生会病院→野越団地
09:07,7_311001136_20251001,3,4022_2311_1_20251001,7,野越団地,P2-1：桜町バスターミナル→下通筋→平成町→済生会病院→野越団地
09:10,3_1565_20251001,6,1_1313_2_20251001,7,通潤山荘,M3-2：桜町バスターミナル→田迎→イオン→通潤山荘
09:10,1_1527_20251001,6,3_30091_2_20251001,8,中の瀬車庫,M1-1：桜町バスターミナル→田迎→中の瀬車庫
09:10,3_1774_20251001,5,15_18022_1_20251001,7,桜町バスターミナル,M6-4：志導寺→城南→イオン→田迎→桜町バスターミナル
09:10,11_350_20251001,6,3_30091_2_20251001,5,中の瀬車庫,M1-1：桜町バスターミナル→田迎→中の瀬車庫
09:11,11_49_20251001,5,3_3044_1_20251001,5,桜町バスターミナル,M3-1：甲佐→御船→イオン→田迎→桜町バスターミナル
09:11,1_1229_20251001,5,3_3044_1_20251001,8,桜町バスターミナル,M3-1：甲佐→御船→イオン→田迎→桜町バスターミナル
09:14,2_403_20251001,5,2_2062_1_20251001,6,桜町バスターミナル,M4-1：甲佐→辺場→イオン→田迎→桜町バスターミナル
09:15,2_689_20251001,6,3_30301_2_20251001,6,イオンモール熊本,M2-1：熊本駅→桜町バスターミナル→田迎→中車庫→イオン
09:16,1_111000561_20251001,3,4020_4142_2_20251001,0,長溝団地,P3-1：桜町バスターミナル→新市街→南熊本駅→長溝団地
09:17,11_26_20251001,5,2_2422_1_20251001,5,桜町バスターミナル,M4-3：浜町→内大臣→辺場→イオン→田迎→桜町バスターミナル
09:17,1_1207_20251001,5,2_2422_1_20251001,8,桜町バスターミナル,M4-3：浜町→内大臣→辺場→イオン→田迎→桜町バスターミナル
09:18,3_1785_20251001,5,3_30122_1_20251001,7,桜町バスターミナル,M2-1：イオン→中の瀬車庫→田迎→桜町バスターミナル
09:19,1_111000672_20251001,2,4021_4521_1_20251001,0,桜町バスターミナル,L0-0：桜町バスターミナル→画図道→南熊本駅→下通筋→桜町バスターミナル
09:20,1_1237_20251001,6,15_16031_2_20251001,8,宇土駅東口,M6-2：桜町バスターミナル→田迎→イオン→城南→宇土駅
09:20,11_57_20251001,6,15_16031_2_20251001,5,宇土駅東口,M6-2：桜町バスターミナル→田迎→イオン→城南→宇土駅
09:21,11_74_20251001,5,15_17022_1_20251001,5,桜町バスターミナル,M6-3：松橋駅→城南→イオン→田迎→桜町バスターミナル
09:21,1_1253_20251001,5,15_17022_1_20251001,8,桜町バスターミナル,M6-3：松橋駅→城南→イオン→田迎→桜町バスターミナル
09:24,2_643_20251001,2,38_38111_2_20251001,6,御幸木部,P2-2：桜町バスターミナル→大学病院→御幸木部
09:25,1_1318_20251001,6,25_25051_2_20251001,8,甲佐,M5-1：桜町バスターミナル→田迎→イオン→乙女→甲佐
09:25,11_140_20251001,6,25_25051_2_20251001,5,甲佐,M5-1：桜町バスターミナル→田迎→イオン→乙女→甲佐
09:27,1_1450_20251001,1,38_38332_1_20251001,8,桜町バスターミナル,P2-4：御幸木部→大学病院構内→桜町バスターミナル
09:27,11_273_20251001,1,38_38332_1_20251001,5,桜町バスターミナル,P2-4：御幸木部→大学病院構内→桜町バスターミナル
09:27,2_648_20251001,1,38_38332_1_20251001,6,桜町バスターミナル,P2-4：御幸木部→大学病院構内→桜町バスターミナル
09:28,3_1576_20251001,5,2_2062_1_20251001,7,桜町バスターミナル,M4-1：甲佐→辺場→イオン→田迎→桜町バスターミナル
09:29,1_111000485_20251001,3,4007_3641_1_20251001,0,熊本駅前,O4-0：熊本駅→南熊本駅→県立劇場→本荘町→熊本駅
09:30,11_378_20251001,5,3_30122_1_20251001,5,桜町バスターミナル,M2-1：イオン→中の瀬車庫→田迎→桜町バスターミナル
09:30,1_1551_20251001,5,3_30122_1_20251001,8,桜町バスターミナル,M2-1：イオン→中の瀬車庫→田迎→桜町バスターミナル
09:30,2_666_20251001,5,3_30092_1_20251001,6,桜町バスターミナル,M1-1：中の瀬車庫→田迎→桜町バスターミナル
09:30,3_1820_20251001,6,3_30121_2_20251001,7,イオンモール熊本,M2-1：桜町バスターミナル→田迎→中の瀬車庫→イオン
09:34,11_269_20251001,2,38_38111_2_20251001,5,御幸木部,P2-2：桜町バスターミナル→大学病院→御幸木部
09:34,1_1446_20251001,2,38_38111_2_20251001,8,御幸木部,P2-2：桜町バスターミナル→大学病院→御幸木部
09:35,2_656_20251001,6,3_30091_2_20251001,6,中の瀬車庫,M1-1：桜町バスターミナル→田迎→中の瀬車庫
09:37,1_111000647_20251001,3,4021_4531_1_20251001,0,桜町バスターミナル,P0-0：桜町バスターミナル→下通筋→南熊本駅→画図道→桜町バスターミナル
09:37,1_111000095_20251001,2,4007_3681_1_20251001,0,熊本駅前,O3-0：熊本駅→本荘町→大学病院構内→県立劇場→南熊本駅→熊本駅
09:39,2_416_20251001,5,3_3044_1_20251001,6,桜町バスターミナル,M3-1：甲佐→御船→イオン→田迎→桜町バスターミナル
09:40,11_59_20251001,6,15_15041_2_20251001,5,城南,M6-1：桜町バスターミナル→田迎→イオン→城南
09:40,3_1824_20251001,6,3_30091_2_20251001,7,中の瀬車庫,M1-1：桜町バスターミナル→田迎→中の瀬車庫
09:40,1_1538_20251001,5,15_15042_1_20251001,8,桜町バスターミナル,M6-1：城南→イオン→田迎→桜町バスターミナル
09:40,1_1239_20251001,6,15_15041_2_20251001,8,城南,M6-1：桜町バスターミナル→田迎→イオン→城南
09:40,11_361_20251001,5,15_15042_1_20251001,5,桜町バスターミナル,M6-1：城南→イオン→田迎→桜町バスターミナル
09:41,7_311000407_20251001,3,4020_4142_2_20251001,7,長溝団地,P3-1：桜町バスターミナル→新市街→南熊本駅→長溝団地
09:45,1_1502_20251001,6,3_30091_2_20251001,8,中の瀬車庫,M1-1：桜町バスターミナル→田迎→中の瀬車庫
09:45,1_111000545_20251001,2,4020_4141_1_20251001,0,桜町バスターミナル,P3-1：長溝団地→南熊本駅→新市街→桜町バスターミナル
09:45,2_386_20251001,6,3_30121_2_20251001,6,イオンモール熊本,M2-1：桜町バスターミナル→田迎→中の瀬車庫→イオン
09:45,3_1616_20251001,6,3_30121_2_20251001,7,イオンモール熊本,M2-1：桜町バスターミナル→田迎→中の瀬車庫→イオン
09:45,11_325_20251001,6,3_30091_2_20251001,5,中の瀬車庫,M1-1：桜町バスターミナル→田迎→中の瀬車庫
09:47,3_1789_20251001,2,38_38111_2_20251001,7,御幸木部,P2-2：桜町バスターミナル→大学病院→御幸木部
09:48,7_311001128_20251001,2,4022_2312_2_20251001,7,桜町バスターミナル,P2-1：野越団地→済生会病院→平成町→下通筋→桜町バスターミナル
09:50,11_29_20251001,6,3_3043_2_20251001,5,甲佐,M3-1：桜町バスターミナル→田迎→イオン→御船→甲佐
09:50,1_1210_20251001,6,3_3043_2_20251001,8,甲佐,M3-1：桜町バスターミナル→田迎→イオン→御船→甲佐
09:52,2_636_20251001,5,15_18022_1_20251001,6,桜町バスターミナル,M6-4：志導寺→城南→イオン→田迎→桜町バスターミナル
09:53,1_111001557_20251001,2,4022_2312_2_20251001,0,桜町バスターミナル,P2-1：野越団地→済生会病院→平成町→下通筋→桜町バスターミナル
09:54,3_1587_20251001,5,3_3044_1_20251001,7,桜町バスターミナル,M3-1：甲佐→御船→イオン→田迎→桜町バスターミナル
09:55,3_1835_20251001,6,15_15041_2_20251001,7,城南,M6-1：桜町バスターミナル→田迎→イオン→城南
09:55,2_652_20251001,6,2_2321_2_20251001,6,砥用・学校前,M4-2：桜町バスターミナル→田迎→イオン→辺場→砥用
09:57,3_1780_20251001,1,38_38332_1_20251001,7,桜町バスターミナル,P2-4：御幸木部→大学病院構内→桜町バスターミナル
09:57,11_346_20251001,5,3_30092_1_20251001,5,桜町バスターミナル,M1-1：中の瀬車庫→田迎→桜町バスターミナル
09:57,2_645_20251001,1,38_38332_1_20251001,6,桜町バスターミナル,P2-4：御幸木部→大学病院構内→桜町バスターミナル
09:57,1_1523_20251001,5,3_30092_1_20251001,8,桜町バスターミナル,M1-1：中の瀬車庫→田迎→桜町バスターミナル
09:57,2_642_20251001,2,38_38111_2_20251001,6,御幸木部,P2-2：桜町バスターミナル→大学病院→御幸木部
10:00,11_240_20251001,6,15_16031_2_20251001,5,宇土駅東口,M6-2：桜町バスターミナル→田迎→イオン→城南→宇土駅
10:00,1_1418_20251001,6,15_16031_2_20251001,8,宇土駅東口,M6-2：桜町バスターミナル→田迎→イオン→城南→宇土駅
10:00,11_270_20251001,2,38_38111_2_20251001,5,御幸木部,P2-2：桜町バスターミナル→大学病院→御幸木部
10:00,1_1447_20251001,2,38_38111_2_20251001,8,御幸木部,P2-2：桜町バスターミナル→大学病院→御幸木部
10:02,1_1451_20251001,1,38_38332_1_20251001,8,桜町バスターミナル,P2-4：御幸木部→大学病院構内→桜町バスターミナル
10:02,11_274_20251001,1,38_38332_1_20251001,5,桜町バスターミナル,P2-4：御幸木部→大学病院構内→桜町バスターミナル
10:03,7_311001137_20251001,3,4022_2311_1_20251001,7,野越団地,P2-1：桜町バスターミナル→下通筋→平成町→済生会病院→野越団地
10:03,3_1747_20251001,5,15_15042_1_20251001,7,桜町バスターミナル,M6-1：城南→イオン→田迎→桜町バスターミナル
10:08,1_111001574_20251001,3,4022_2311_1_20251001,0,野越団地,P2-1：桜町バスターミナル→下通筋→平成町→済生会病院→野越団地
10:08,7_311000394_20251001,2,4020_4141_1_20251001,7,桜町バスターミナル,P3-1：長溝団地→南熊本駅→新市街→桜町バスターミナル
10:09,11_9_20251001,5,1_1314_1_20251001,5,桜町バスターミナル,M3-2：通潤山荘→イオン→田迎→桜町バスターミナル
10:09,1_1190_20251001,5,1_1314_1_20251001,8,桜町バスターミナル,M3-2：通潤山荘→イオン→田迎→桜町バスターミナル
10:10,2_634_20251001,6,15_18021_2_20251001,6,志導寺,M6-4：桜町バスターミナル→田迎→イオン→城南→志導寺
10:10,3_1687_20251001,6,25_25051_2_20251001,7,甲佐,M5-1：桜町バスターミナル→田迎→イオン→乙女→甲佐
10:10,1_1557_20251001,6,3_30091_2_20251001,8,中の瀬車庫,M1-1：桜町バスターミナル→田迎→中の瀬車庫
10:10,11_384_20251001,6,3_30091_2_20251001,5,中の瀬車庫,M1-1：桜町バスターミナル→田迎→中の瀬車庫
10:13,2_694_20251001,5,2_2062_1_20251001,6,桜町バスターミナル,M4-1：甲佐→辺場→イオン→田迎→桜町バスターミナル
10:16,7_311000498_20251001,2,4021_4521_1_20251001,7,桜町バスターミナル,L0-0：桜町バスターミナル→画図道→南熊本駅→下通筋→桜町バスターミナル
10:16,1_111000109_20251001,3,4020_4142_2_20251001,0,長溝団地,P3-1：桜町バスターミナル→新市街→南熊本駅→長溝団地
10:16,1_111000493_20251001,3,4007_3651_1_20251001,0,県立劇場前,O4-1：熊本駅→南熊本駅→県立劇場
10:17,7_311000478_20251001,3,4021_4531_1_20251001,7,桜町バスターミナル,P0-0：桜町バスターミナル→下通筋→南熊本駅→画図道→桜町バスターミナル
10:18,1_111000674_20251001,2,4021_4521_1_20251001,0,桜町バスターミナル,L0-0：桜町バスターミナル→画図道→南熊本駅→下通筋→桜町バスターミナル
10:19,1_1439_20251001,5,15_18022_1_20251001,8,桜町バスターミナル,M6-4：志導寺→城南→イオン→田迎→桜町バスターミナル
10:19,11_262_20251001,5,15_18022_1_20251001,5,桜町バスターミナル,M6-4：志導寺→城南→イオン→田迎→桜町バスターミナル
10:20,2_424_20251001,6,3_3043_2_20251001,6,甲佐,M3-1：桜町バスターミナル→田迎→イオン→御船→甲佐
10:20,1_1503_20251001,6,3_30091_2_20251001,8,中の瀬車庫,M1-1：桜町バスターミナル→田迎→中の瀬車庫
10:20,3_1594_20251001,6,3_3043_2_20251001,7,甲佐,M3-1：桜町バスターミナル→田迎→イオン→御船→甲佐
10:20,11_326_20251001,6,3_30091_2_20251001,5,中の瀬車庫,M1-1：桜町バスターミナル→田迎→中の瀬車庫
10:22,2_659_20251001,2,38_38111_2_20251001,6,御幸木部,P2-2：桜町バスターミナル→大学病院→御幸木部
10:23,3_1781_20251001,5,3_30092_1_20251001,7,桜町バスターミナル,M1-1：中の瀬車庫→田迎→桜町バスターミナル
10:24,11_145_20251001,5,25_25052_1_20251001,5,桜町バスターミナル,M5-1：甲佐→乙女→イオン→田迎→桜町バスターミナル
10:24,1_1323_20251001,5,25_25052_1_20251001,8,桜町バスターミナル,M5-1：甲佐→乙女→イオン→田迎→桜町バスターミナル
10:25,2_686_20251001,5,3_30092_1_20251001,6,桜町バスターミナル,M1-1：中の瀬車庫→田迎→桜町バスターミナル
10:25,11_295_20251001,2,38_38111_2_20251001,5,御幸木部,P2-2：桜町バスターミナル→大学病院→御幸木部
10:25,1_1472_20251001,2,38_38111_2_20251001,8,御幸木部,P2-2：桜町バスターミナル→大学病院→御幸木部
10:29,11_44_20251001,5,3_30122_1_20251001,5,桜町バスターミナル,M2-1：イオン→中の瀬車庫→田迎→桜町バスターミナル
10:29,1_1225_20251001,5,3_30122_1_20251001,8,桜町バスターミナル,M2-1：イオン→中の瀬車庫→田迎→桜町バスターミナル
10:30,2_388_20251001,5,1_1314_1_20251001,6,桜町バスターミナル,M3-2：通潤山荘→イオン→田迎→桜町バスターミナル
10:30,2_507_20251001,6,25_25051_2_20251001,6,甲佐,M5-1：桜町バスターミナル→田迎→イオン→乙女→甲佐
10:31,1_1419_20251001,5,3_32501_2_20251001,8,中の瀬車庫,M0-0：中の瀬車庫ー田迎ー桜町BT?中央病院ー中の瀬車庫
10:31,11_250_20251001,1,38_38442_1_20251001,5,桜町バスターミナル,P2-5：御幸木部→御幸病院→大学病院構内→桜町バスターミナル
10:31,1_1428_20251001,1,38_38442_1_20251001,8,桜町バスターミナル,P2-5：御幸木部→御幸病院→大学病院構内→桜町バスターミナル
10:31,2_613_20251001,1,38_38442_1_20251001,6,桜町バスターミナル,P2-5：御幸木部→御幸病院→大学病院構内→桜町バスターミナル
10:31,11_241_20251001,5,3_32501_2_20251001,5,中の瀬車庫,M0-0：中の瀬車庫ー田迎ー桜町BT?中央病院ー中の瀬車庫
10:32,1_111000649_20251001,3,4021_4531_1_20251001,0,桜町バスターミナル,P0-0：桜町バスターミナル→下通筋→南熊本駅→画図道→桜町バスターミナル
10:35,1_1458_20251001,6,2_2321_2_20251001,8,砥用・学校前,M4-2：桜町バスターミナル→田迎→イオン→辺場→砥用
10:35,11_281_20251001,6,2_2321_2_20251001,5,砥用・学校前,M4-2：桜町バスターミナル→田迎→イオン→辺場→砥用
10:35,3_1746_20251001,6,3_30121_2_20251001,7,イオンモール熊本,M2-1：桜町バスターミナル→田迎→中の瀬車庫→イオン
10:36,3_1561_20251001,5,1_1314_1_20251001,7,桜町バスターミナル,M3-2：通潤山荘→イオン→田迎→桜町バスターミナル
10:40,2_612_20251001,5,3_32501_2_20251001,6,中の瀬車庫,M0-0：中の瀬車庫ー田迎ー桜町BT?中央病院ー中の瀬車庫
10:45,1_1184_20251001,6,1_1313_2_20251001,8,通潤山荘,M3-2：桜町バスターミナル→田迎→イオン→通潤山荘
10:45,2_654_20251001,6,2_2321_2_20251001,6,砥用・学校前,M4-2：桜町バスターミナル→田迎→イオン→辺場→砥用
10:45,11_3_20251001,6,1_1313_2_20251001,5,通潤山荘,M3-2：桜町バスターミナル→田迎→イオン→通潤山荘
10:45,1_111000518_20251001,2,4020_4141_1_20251001,0,桜町バスターミナル,P3-1：長溝団地→南熊本駅→新市街→桜町バスターミナル
10:46,11_283_20251001,5,2_2322_1_20251001,5,桜町バスターミナル,M4-2：砥用→辺場→イオン→田迎→桜町バスターミナル
10:46,1_1460_20251001,5,2_2322_1_20251001,8,桜町バスターミナル,M4-2：砥用→辺場→イオン→田迎→桜町バスターミナル
10:47,3_1790_20251001,2,38_38111_2_20251001,7,御幸木部,P2-2：桜町バスターミナル→大学病院→御幸木部
10:48,7_311001129_20251001,2,4022_2312_2_20251001,7,桜町バスターミナル,P2-1：野越団地→済生会病院→平成町→下通筋→桜町バスターミナル
10:50,3_1581_20251001,6,2_2061_2_20251001,7,甲佐,M4-1：桜町バスターミナル→田迎→イオン→辺場→甲佐
10:51,3_1620_20251001,5,15_15042_1_20251001,7,桜町バスターミナル,M6-1：城南→イオン→田迎→桜町バスターミナル
10:53,1_111001559_20251001,2,4022_2312_2_20251001,0,桜町バスターミナル,P2-1：野越団地→済生会病院→平成町→下通筋→桜町バスターミナル
10:54,1_111000498_20251001,2,4007_3652_2_20251001,0,熊本駅前,O3-1：県立劇場→南熊本駅→熊本駅
10:55,11_349_20251001,6,3_30091_2_20251001,5,中の瀬車庫,M1-1：桜町バスターミナル→田迎→中の瀬車庫
10:55,1_1473_20251001,2,38_38111_2_20251001,8,御幸木部,P2-2：桜町バスターミナル→大学病院→御幸木部
10:55,11_296_20251001,2,38_38111_2_20251001,5,御幸木部,P2-2：桜町バスターミナル→大学病院→御幸木部
10:55,1_1526_20251001,6,3_30091_2_20251001,8,中の瀬車庫,M1-1：桜町バスターミナル→田迎→中の瀬車庫
10:56,3_1559_20251001,5,3_30122_1_20251001,7,桜町バスターミナル,M2-1：イオン→中の瀬車庫→田迎→桜町バスターミナル
10:56,2_650_20251001,1,38_38442_1_20251001,6,桜町バスターミナル,P2-5：御幸木部→御幸病院→大学病院構内→桜町バスターミナル
10:57,2_660_20251001,2,38_38111_2_20251001,6,御幸木部,P2-2：桜町バスターミナル→大学病院→御幸木部
11:00,2_575_20251001,5,15_16032_1_20251001,6,桜町バスターミナル,M6-2：宇土駅→城南→イオン→田迎→桜町バスターミナル
11:00,2_699_20251001,6,15_15041_2_20251001,6,城南,M6-1：桜町バスターミナル→田迎→イオン→城南
11:00,3_1628_20251001,6,15_15041_2_20251001,7,城南,M6-1：桜町バスターミナル→田迎→イオン→城南
11:01,11_251_20251001,1,38_38442_1_20251001,5,桜町バスターミナル,P2-5：御幸木部→御幸病院→大学病院構内→桜町バスターミナル
11:01,3_1758_20251001,1,38_38442_1_20251001,7,桜町バスターミナル,P2-5：御幸木部→御幸病院→大学病院構内→桜町バスターミナル
11:01,1_1429_20251001,1,38_38442_1_20251001,8,桜町バスターミナル,P2-5：御幸木部→御幸病院→大学病院構内→桜町バスターミナル
11:05,1_1436_20251001,6,15_18021_2_20251001,8,志導寺,M6-4：桜町バスターミナル→田迎→イオン→城南→志導寺
11:05,3_1767_20251001,6,3_30121_2_20251001,7,イオンモール熊本,M2-1：桜町バスターミナル→田迎→中の瀬車庫→イオン
11:05,11_259_20251001,6,15_18021_2_20251001,5,志導寺,M6-4：桜町バスターミナル→田迎→イオン→城南→志導寺
11:07,3_1684_20251001,5,25_25052_1_20251001,7,桜町バスターミナル,M5-1：甲佐→乙女→イオン→田迎→桜町バスターミナル
11:07,11_347_20251001,5,3_30092_1_20251001,5,桜町バスターミナル,M1-1：中の瀬車庫→田迎→桜町バスターミナル
11:07,1_1524_20251001,5,3_30092_1_20251001,8,桜町バスターミナル,M1-1：中の瀬車庫→田迎→桜町バスターミナル
11:08,1_111001575_20251001,3,4022_2311_1_20251001,0,野越団地,P2-1：桜町バスターミナル→下通筋→平成町→済生会病院→野越団地
11:10,11_223_20251001,6,3_30301_2_20251001,5,イオンモール熊本,M2-1：熊本駅→桜町バスターミナル→田迎→中車庫→イオン
11:10,1_1401_20251001,6,3_30301_2_20251001,8,イオンモール熊本,M2-1：熊本駅→桜町バスターミナル→田迎→中車庫→イオン
11:10,2_707_20251001,6,3_30091_2_20251001,6,中の瀬車庫,M1-1：桜町バスターミナル→田迎→中の瀬車庫
11:14,1_1251_20251001,5,15_16032_1_20251001,8,桜町バスターミナル,M6-2：宇土駅→城南→イオン→田迎→桜町バスターミナル
11:14,11_72_20251001,5,15_16032_1_20251001,5,桜町バスターミナル,M6-2：宇土駅→城南→イオン→田迎→桜町バスターミナル
11:15,2_404_20251001,5,2_2062_1_20251001,6,桜町バスターミナル,M4-1：甲佐→辺場→イオン→田迎→桜町バスターミナル
11:15,3_1566_20251001,6,1_1313_2_20251001,7,通潤山荘,M3-2：桜町バスターミナル→田迎→イオン→通潤山荘
11:16,1_111000531_20251001,3,4020_4142_2_20251001,0,長溝団地,P3-1：桜町バスターミナル→新市街→南熊本駅→長溝団地
11:18,1_111000676_20251001,2,4021_4521_1_20251001,0,桜町バスターミナル,L0-0：桜町バスターミナル→画図道→南熊本駅→下通筋→桜町バスターミナル
11:20,2_691_20251001,6,3_30091_2_20251001,6,中の瀬車庫,M1-1：桜町バスターミナル→田迎→中の瀬車庫
11:22,2_618_20251001,2,38_38211_2_20251001,6,御幸木部,P2-3：桜町バスターミナル→大学病院→御幸病院→御幸木部
11:23,3_1588_20251001,5,3_3044_1_20251001,7,桜町バスターミナル,M3-1：甲佐→御船→イオン→田迎→桜町バスターミナル
11:24,2_503_20251001,5,25_25052_1_20251001,6,桜町バスターミナル,M5-1：甲佐→乙女→イオン→田迎→桜町バスターミナル
11:24,1_1528_20251001,5,3_30092_1_20251001,8,桜町バスターミナル,M1-1：中の瀬車庫→田迎→桜町バスターミナル
11:24,11_351_20251001,5,3_30092_1_20251001,5,桜町バスターミナル,M1-1：中の瀬車庫→田迎→桜町バスターミナル
11:25,2_709_20251001,5,3_30092_1_20251001,6,桜町バスターミナル,M1-1：中の瀬車庫→田迎→桜町バスターミナル
11:25,11_243_20251001,2,38_38211_2_20251001,5,御幸木部,P2-3：桜町バスターミナル→大学病院→御幸病院→御幸木部
11:25,1_1421_20251001,2,38_38211_2_20251001,8,御幸木部,P2-3：桜町バスターミナル→大学病院→御幸病院→御幸木部
11:27,3_1791_20251001,2,38_38111_2_20251001,7,御幸木部,P2-2：桜町バスターミナル→大学病院→御幸木部
11:30,3_1580_20251001,6,2_2061_2_20251001,7,甲佐,M4-1：桜町バスターミナル→田迎→イオン→辺場→甲佐
11:31,1_1430_20251001,1,38_38442_1_20251001,8,桜町バスターミナル,P2-5：御幸木部→御幸病院→大学病院構内→桜町バスターミナル
11:31,11_252_20251001,1,38_38442_1_20251001,5,桜町バスターミナル,P2-5：御幸木部→御幸病院→大学病院構内→桜町バスターミナル
11:31,2_615_20251001,1,38_38442_1_20251001,6,桜町バスターミナル,P2-5：御幸木部→御幸病院→大学病院構内→桜町バスターミナル
11:32,1_111000650_20251001,3,4021_4531_1_20251001,0,桜町バスターミナル,P0-0：桜町バスターミナル→下通筋→南熊本駅→画図道→桜町バスターミナル
11:35,11_19_20251001,6,2_2321_2_20251001,5,砥用・学校前,M4-2：桜町バスターミナル→田迎→イオン→辺場→砥用
11:35,1_1200_20251001,6,2_2321_2_20251001,8,砥用・学校前,M4-2：桜町バスターミナル→田迎→イオン→辺場→砥用
11:35,2_417_20251001,5,3_3044_1_20251001,6,桜町バスターミナル,M3-1：甲佐→御船→イオン→田迎→桜町バスターミナル
11:39,11_50_20251001,5,3_3044_1_20251001,5,桜町バスターミナル,M3-1：甲佐→御船→イオン→田迎→桜町バスターミナル
11:39,3_1836_20251001,5,15_15042_1_20251001,7,桜町バスターミナル,M6-1：城南→イオン→田迎→桜町バスターミナル
11:39,1_1230_20251001,5,3_3044_1_20251001,8,桜町バスターミナル,M3-1：甲佐→御船→イオン→田迎→桜町バスターミナル
11:41,7_311000409_20251001,3,4020_4142_2_20251001,7,長溝団地,P3-1：桜町バスターミナル→新市街→南熊本駅→長溝団地
11:45,2_586_20251001,5,1_1314_1_20251001,6,桜町バスターミナル,M3-2：通潤山荘→イオン→田迎→桜町バスターミナル
11:45,1_111000546_20251001,2,4020_4141_1_20251001,0,桜町バスターミナル,P3-1：長溝団地→南熊本駅→新市街→桜町バスターミナル
11:45,3_1817_20251001,6,3_30091_2_20251001,7,中の瀬車庫,M1-1：桜町バスターミナル→田迎→中の瀬車庫
11:45,2_401_20251001,6,2_2321_2_20251001,6,砥用・学校前,M4-2：桜町バスターミナル→田迎→イオン→辺場→砥用
11:46,7_311000499_20251001,2,4021_4521_1_20251001,7,桜町バスターミナル,L0-0：桜町バスターミナル→画図道→南熊本駅→下通筋→桜町バスターミナル
11:47,7_311000480_20251001,3,4021_4531_1_20251001,7,桜町バスターミナル,P0-0：桜町バスターミナル→下通筋→南熊本駅→画図道→桜町バスターミナル
11:48,3_1608_20251001,5,3_30122_1_20251001,7,桜町バスターミナル,M2-1：イオン→中の瀬車庫→田迎→桜町バスターミナル
11:50,11_61_20251001,6,15_15041_2_20251001,5,城南,M6-1：桜町バスターミナル→田迎→イオン→城南
11:50,1_1241_20251001,6,15_15041_2_20251001,8,城南,M6-1：桜町バスターミナル→田迎→イオン→城南
11:53,1_111001560_20251001,2,4022_2312_2_20251001,0,桜町バスターミナル,P2-1：野越団地→済生会病院→平成町→下通筋→桜町バスターミナル
11:55,2_394_20251001,6,1_1313_2_20251001,6,通潤山荘,M3-2：桜町バスターミナル→田迎→イオン→通潤山荘
11:55,1_1422_20251001,2,38_38211_2_20251001,8,御幸木部,P2-3：桜町バスターミナル→大学病院→御幸病院→御幸木部
11:55,11_244_20251001,2,38_38211_2_20251001,5,御幸木部,P2-3：桜町バスターミナル→大学病院→御幸病院→御幸木部
11:55,1_1543_20251001,6,3_30091_2_20251001,8,中の瀬車庫,M1-1：桜町バスターミナル→田迎→中の瀬車庫
11:55,11_366_20251001,6,3_30091_2_20251001,5,中の瀬車庫,M1-1：桜町バスターミナル→田迎→中の瀬車庫
11:56,11_359_20251001,5,15_16032_1_20251001,5,桜町バスターミナル,M6-2：宇土駅→城南→イオン→田迎→桜町バスターミナル
11:56,1_1536_20251001,5,15_16032_1_20251001,8,桜町バスターミナル,M6-2：宇土駅→城南→イオン→田迎→桜町バスターミナル
11:57,2_619_20251001,2,38_38211_2_20251001,6,御幸木部,P2-3：桜町バスターミナル→大学病院→御幸病院→御幸木部
12:00,3_1832_20251001,6,15_15041_2_20251001,7,城南,M6-1：桜町バスターミナル→田迎→イオン→城南
12:00,2_637_20251001,5,15_18022_1_20251001,6,桜町バスターミナル,M6-4：志導寺→城南→イオン→田迎→桜町バスターミナル
12:00,2_698_20251001,6,15_15041_2_20251001,6,城南,M6-1：桜町バスターミナル→田迎→イオン→城南
12:00,11_141_20251001,6,25_25051_2_20251001,5,甲佐,M5-1：桜町バスターミナル→田迎→イオン→乙女→甲佐
12:00,1_1319_20251001,6,25_25051_2_20251001,8,甲佐,M5-1：桜町バスターミナル→田迎→イオン→乙女→甲佐
12:01,11_253_20251001,1,38_38442_1_20251001,5,桜町バスターミナル,P2-5：御幸木部→御幸病院→大学病院構内→桜町バスターミナル
12:01,1_1431_20251001,1,38_38442_1_20251001,8,桜町バスターミナル,P2-5：御幸木部→御幸病院→大学病院構内→桜町バスターミナル
12:01,2_614_20251001,1,38_38442_1_20251001,6,桜町バスターミナル,P2-5：御幸木部→御幸病院→大学病院構内→桜町バスターミナル
12:01,3_1760_20251001,1,38_38442_1_20251001,7,桜町バスターミナル,P2-5：御幸木部→御幸病院→大学病院構内→桜町バスターミナル
12:03,7_311001138_20251001,3,4022_2311_1_20251001,7,野越団地,P2-1：桜町バスターミナル→下通筋→平成町→済生会病院→野越団地
12:04,3_1783_20251001,5,3_30122_1_20251001,7,桜町バスターミナル,M2-1：イオン→中の瀬車庫→田迎→桜町バスターミナル
12:08,1_111001576_20251001,3,4022_2311_1_20251001,0,野越団地,P2-1：桜町バスターミナル→下通筋→平成町→済生会病院→野越団地
12:08,7_311000420_20251001,2,4020_4141_1_20251001,7,桜町バスターミナル,P3-1：長溝団地→南熊本駅→新市街→桜町バスターミナル
12:09,1_1191_20251001,5,1_1314_1_20251001,8,桜町バスターミナル,M3-2：通潤山荘→イオン→田迎→桜町バスターミナル
12:09,11_10_20251001,5,1_1314_1_20251001,5,桜町バスターミナル,M3-2：通潤山荘→イオン→田迎→桜町バスターミナル
12:10,1_1211_20251001,6,3_3043_2_20251001,8,甲佐,M3-1：桜町バスターミナル→田迎→イオン→御船→甲佐
12:10,11_30_20251001,6,3_3043_2_20251001,5,甲佐,M3-1：桜町バスターミナル→田迎→イオン→御船→甲佐
12:15,2_706_20251001,5,3_30092_1_20251001,6,桜町バスターミナル,M1-1：中の瀬車庫→田迎→桜町バスターミナル
12:15,3_1582_20251001,6,2_2061_2_20251001,7,甲佐,M4-1：桜町バスターミナル→田迎→イオン→辺場→甲佐
12:15,2_627_20251001,6,3_30091_2_20251001,6,中の瀬車庫,M1-1：桜町バスターミナル→田迎→中の瀬車庫
12:16,1_111000552_20251001,3,4020_4142_2_20251001,0,長溝団地,P3-1：桜町バスターミナル→新市街→南熊本駅→長溝団地
12:17,3_1571_20251001,5,2_2322_1_20251001,7,桜町バスターミナル,M4-2：砥用→辺場→イオン→田迎→桜町バスターミナル
12:18,1_111000677_20251001,2,4021_4521_1_20251001,0,桜町バスターミナル,L0-0：桜町バスターミナル→画図道→南熊本駅→下通筋→桜町バスターミナル
12:18,3_1753_20251001,2,38_38211_2_20251001,7,御幸木部,P2-3：桜町バスターミナル→大学病院→御幸病院→御幸木部
12:20,11_324_20251001,6,3_30091_2_20251001,5,中の瀬車庫,M1-1：桜町バスターミナル→田迎→中の瀬車庫
12:20,1_1501_20251001,6,3_30091_2_20251001,8,中の瀬車庫,M1-1：桜町バスターミナル→田迎→中の瀬車庫
12:20,2_508_20251001,6,25_25051_2_20251001,6,甲佐,M5-1：桜町バスターミナル→田迎→イオン→乙女→甲佐
12:21,1_1435_20251001,5,3_30092_1_20251001,8,桜町バスターミナル,M1-1：中の瀬車庫→田迎→桜町バスターミナル
12:21,1_111000492_20251001,3,4007_3651_1_20251001,0,県立劇場前,O4-1：熊本駅→南熊本駅→県立劇場
12:21,11_257_20251001,5,3_30092_1_20251001,5,桜町バスターミナル,M1-1：中の瀬車庫→田迎→桜町バスターミナル
12:25,1_1423_20251001,2,38_38211_2_20251001,8,御幸木部,P2-3：桜町バスターミナル→大学病院→御幸病院→御幸木部
12:25,3_1841_20251001,6,3_30091_2_20251001,7,中の瀬車庫,M1-1：桜町バスターミナル→田迎→中の瀬車庫
12:25,11_245_20251001,2,38_38211_2_20251001,5,御幸木部,P2-3：桜町バスターミナル→大学病院→御幸病院→御幸木部
12:29,1_1546_20251001,5,3_30122_1_20251001,8,桜町バスターミナル,M2-1：イオン→中の瀬車庫→田迎→桜町バスターミナル
12:29,11_369_20251001,5,3_30122_1_20251001,5,桜町バスターミナル,M2-1：イオン→中の瀬車庫→田迎→桜町バスターミナル
12:30,2_411_20251001,6,2_2061_2_20251001,6,甲佐,M4-1：桜町バスターミナル→田迎→イオン→辺場→甲佐
12:32,2_620_20251001,2,38_38211_2_20251001,6,御幸木部,P2-3：桜町バスターミナル→大学病院→御幸病院→御幸木部
12:32,1_111000652_20251001,3,4021_4531_1_20251001,0,桜町バスターミナル,P0-0：桜町バスターミナル→下通筋→南熊本駅→画図道→桜町バスターミナル
12:35,3_1828_20251001,6,3_30301_2_20251001,7,イオンモール熊本,M2-1：熊本駅→桜町バスターミナル→田迎→中車庫→イオン
12:35,2_638_20251001,6,3_30091_2_20251001,6,中の瀬車庫,M1-1：桜町バスターミナル→田迎→中の瀬車庫
12:36,3_1562_20251001,5,1_1314_1_20251001,7,桜町バスターミナル,M3-2：通潤山荘→イオン→田迎→桜町バスターミナル
12:37,2_690_20251001,5,3_30302_1_20251001,6,熊本駅前,M2-1：イオン→中車庫→田迎→桜町バスターミナル→熊本駅
12:39,1_1456_20251001,5,3_30092_1_20251001,8,桜町バスターミナル,M1-1：中の瀬車庫→田迎→桜町バスターミナル
12:39,11_279_20251001,5,3_30092_1_20251001,5,桜町バスターミナル,M1-1：中の瀬車庫→田迎→桜町バスターミナル
12:40,11_222_20251001,6,3_30301_2_20251001,5,イオンモール熊本,M2-1：熊本駅→桜町バスターミナル→田迎→中車庫→イオン
12:40,1_1400_20251001,6,3_30301_2_20251001,8,イオンモール熊本,M2-1：熊本駅→桜町バスターミナル→田迎→中車庫→イオン
12:45,11_381_20251001,6,3_30091_2_20251001,5,中の瀬車庫,M1-1：桜町バスターミナル→田迎→中の瀬車庫
12:45,1_111000519_20251001,2,4020_4141_1_20251001,0,桜町バスターミナル,P3-1：長溝団地→南熊本駅→新市街→桜町バスターミナル
12:45,1_1554_20251001,6,3_30091_2_20251001,8,中の瀬車庫,M1-1：桜町バスターミナル→田迎→中の瀬車庫
12:45,2_442_20251001,6,3_30121_2_20251001,6,イオンモール熊本,M2-1：桜町バスターミナル→田迎→中の瀬車庫→イオン
12:48,7_311001130_20251001,2,4022_2312_2_20251001,7,桜町バスターミナル,P2-1：野越団地→済生会病院→平成町→下通筋→桜町バスターミナル
12:50,3_1617_20251001,6,3_30121_2_20251001,7,イオンモール熊本,M2-1：桜町バスターミナル→田迎→中の瀬車庫→イオン
12:51,3_1759_20251001,1,38_38442_1_20251001,7,桜町バスターミナル,P2-5：御幸木部→御幸病院→大学病院構内→桜町バスターミナル
12:52,3_1754_20251001,2,38_38211_2_20251001,7,御幸木部,P2-3：桜町バスターミナル→大学病院→御幸病院→御幸木部
12:52,11_323_20251001,5,3_30092_1_20251001,5,桜町バスターミナル,M1-1：中の瀬車庫→田迎→桜町バスターミナル
12:52,1_1500_20251001,5,3_30092_1_20251001,8,桜町バスターミナル,M1-1：中の瀬車庫→田迎→桜町バスターミナル
12:53,1_111001561_20251001,2,4022_2312_2_20251001,0,桜町バスターミナル,P2-1：野越団地→済生会病院→平成町→下通筋→桜町バスターミナル
12:53,2_700_20251001,5,15_15042_1_20251001,6,桜町バスターミナル,M6-1：城南→イオン→田迎→桜町バスターミナル
12:55,11_260_20251001,6,15_18021_2_20251001,5,志導寺,M6-4：桜町バスターミナル→田迎→イオン→城南→志導寺
12:55,11_246_20251001,2,38_38211_2_20251001,5,御幸木部,P2-3：桜町バスターミナル→大学病院→御幸病院→御幸木部
12:55,1_1424_20251001,2,38_38211_2_20251001,8,御幸木部,P2-3：桜町バスターミナル→大学病院→御幸病院→御幸木部
12:55,1_1437_20251001,6,15_18021_2_20251001,8,志導寺,M6-4：桜町バスターミナル→田迎→イオン→城南→志導寺
12:56,3_1621_20251001,5,15_15042_1_20251001,7,桜町バスターミナル,M6-1：城南→イオン→田迎→桜町バスターミナル
12:57,1_1553_20251001,5,3_30092_1_20251001,8,桜町バスターミナル,M1-1：中の瀬車庫→田迎→桜町バスターミナル
12:57,11_380_20251001,5,3_30092_1_20251001,5,桜町バスターミナル,M1-1：中の瀬車庫→田迎→桜町バスターミナル
12:59,1_111000805_20251001,2,4007_3652_2_20251001,0,熊本駅前,O3-1：県立劇場→南熊本駅→熊本駅
13:00,2_701_20251001,6,15_15041_2_20251001,6,城南,M6-1：桜町バスターミナル→田迎→イオン→城南
13:01,2_616_20251001,1,38_38442_1_20251001,6,桜町バスターミナル,P2-5：御幸木部→御幸病院→大学病院構内→桜町バスターミナル
13:02,11_368_20251001,5,3_30122_1_20251001,5,桜町バスターミナル,M2-1：イオン→中の瀬車庫→田迎→桜町バスターミナル
13:02,1_1545_20251001,5,3_30122_1_20251001,8,桜町バスターミナル,M2-1：イオン→中の瀬車庫→田迎→桜町バスターミナル
13:05,11_332_20251001,6,3_30091_2_20251001,5,中の瀬車庫,M1-1：桜町バスターミナル→田迎→中の瀬車庫
13:05,1_1509_20251001,6,3_30091_2_20251001,8,中の瀬車庫,M1-1：桜町バスターミナル→田迎→中の瀬車庫
13:05,3_1826_20251001,6,3_30091_2_20251001,7,中の瀬車庫,M1-1：桜町バスターミナル→田迎→中の瀬車庫
13:06,11_254_20251001,1,38_38442_1_20251001,5,桜町バスターミナル,P2-5：御幸木部→御幸病院→大学病院構内→桜町バスターミナル
13:06,1_1432_20251001,1,38_38442_1_20251001,8,桜町バスターミナル,P2-5：御幸木部→御幸病院→大学病院構内→桜町バスターミナル
13:08,1_111000114_20251001,3,4022_2311_1_20251001,0,野越団地,P2-1：桜町バスターミナル→下通筋→平成町→済生会病院→野越団地
13:08,11_289_20251001,5,2_2322_1_20251001,5,桜町バスターミナル,M4-2：砥用→辺場→イオン→田迎→桜町バスターミナル
13:08,1_1466_20251001,5,2_2322_1_20251001,8,桜町バスターミナル,M4-2：砥用→辺場→イオン→田迎→桜町バスターミナル
13:10,2_405_20251001,5,2_2062_1_20251001,6,桜町バスターミナル,M4-1：甲佐→辺場→イオン→田迎→桜町バスターミナル
13:10,2_425_20251001,6,3_3043_2_20251001,6,甲佐,M3-1：桜町バスターミナル→田迎→イオン→御船→甲佐
13:11,3_1770_20251001,5,3_30122_1_20251001,7,桜町バスターミナル,M2-1：イオン→中の瀬車庫→田迎→桜町バスターミナル
13:14,1_1226_20251001,5,3_30122_1_20251001,8,桜町バスターミナル,M2-1：イオン→中の瀬車庫→田迎→桜町バスターミナル
13:14,11_45_20251001,5,3_30122_1_20251001,5,桜町バスターミナル,M2-1：イオン→中の瀬車庫→田迎→桜町バスターミナル
13:15,1_1201_20251001,6,2_2321_2_20251001,8,砥用・学校前,M4-2：桜町バスターミナル→田迎→イオン→辺場→砥用
13:15,11_20_20251001,6,2_2321_2_20251001,5,砥用・学校前,M4-2：桜町バスターミナル→田迎→イオン→辺場→砥用
13:16,1_111000532_20251001,3,4020_4142_2_20251001,0,長溝団地,P3-1：桜町バスターミナル→新市街→南熊本駅→長溝団地
13:16,7_311000501_20251001,2,4021_4521_1_20251001,7,桜町バスターミナル,L0-0：桜町バスターミナル→画図道→南熊本駅→下通筋→桜町バスターミナル
13:17,7_311000482_20251001,3,4021_4531_1_20251001,7,桜町バスターミナル,P0-0：桜町バスターミナル→下通筋→南熊本駅→画図道→桜町バスターミナル
13:18,1_111000678_20251001,2,4021_4521_1_20251001,0,桜町バスターミナル,L0-0：桜町バスターミナル→画図道→南熊本駅→下通筋→桜町バスターミナル
13:20,3_1629_20251001,6,15_15041_2_20251001,7,城南,M6-1：桜町バスターミナル→田迎→イオン→城南
13:21,3_1609_20251001,5,3_30122_1_20251001,7,桜町バスターミナル,M2-1：イオン→中の瀬車庫→田迎→桜町バスターミナル
13:22,11_69_20251001,5,15_15042_1_20251001,5,桜町バスターミナル,M6-1：城南→イオン→田迎→桜町バスターミナル
13:22,1_1248_20251001,5,15_15042_1_20251001,8,桜町バスターミナル,M6-1：城南→イオン→田迎→桜町バスターミナル
13:26,2_389_20251001,5,1_1314_1_20251001,6,桜町バスターミナル,M3-2：通潤山荘→イオン→田迎→桜町バスターミナル
13:30,2_665_20251001,6,3_30091_2_20251001,6,中の瀬車庫,M1-1：桜町バスターミナル→田迎→中の瀬車庫
13:30,1_1185_20251001,6,1_1313_2_20251001,8,通潤山荘,M3-2：桜町バスターミナル→田迎→イオン→通潤山荘
13:30,11_4_20251001,6,1_1313_2_20251001,5,通潤山荘,M3-2：桜町バスターミナル→田迎→イオン→通潤山荘
13:31,3_1762_20251001,1,38_38442_1_20251001,7,桜町バスターミナル,P2-5：御幸木部→御幸病院→大学病院構内→桜町バスターミナル
13:31,1_1434_20251001,1,38_38442_1_20251001,8,桜町バスターミナル,P2-5：御幸木部→御幸病院→大学病院構内→桜町バスターミナル
13:31,11_256_20251001,1,38_38442_1_20251001,5,桜町バスターミナル,P2-5：御幸木部→御幸病院→大学病院構内→桜町バスターミナル
13:32,1_111000653_20251001,3,4021_4531_1_20251001,0,桜町バスターミナル,P0-0：桜町バスターミナル→下通筋→南熊本駅→画図道→桜町バスターミナル
13:32,2_621_20251001,2,38_38211_2_20251001,6,御幸木部,P2-3：桜町バスターミナル→大学病院→御幸病院→御幸木部
13:33,3_1589_20251001,5,3_3044_1_20251001,7,桜町バスターミナル,M3-1：甲佐→御船→イオン→田迎→桜町バスターミナル
13:35,1_1542_20251001,5,3_30092_1_20251001,8,桜町バスターミナル,M1-1：中の瀬車庫→田迎→桜町バスターミナル
13:35,11_365_20251001,5,3_30092_1_20251001,5,桜町バスターミナル,M1-1：中の瀬車庫→田迎→桜町バスターミナル
13:35,3_1688_20251001,6,25_25051_2_20251001,7,甲佐,M5-1：桜町バスターミナル→田迎→イオン→乙女→甲佐
13:40,2_418_20251001,5,3_3044_1_20251001,6,桜町バスターミナル,M3-1：甲佐→御船→イオン→田迎→桜町バスターミナル
13:40,11_367_20251001,6,3_30091_2_20251001,5,中の瀬車庫,M1-1：桜町バスターミナル→田迎→中の瀬車庫
13:40,1_1544_20251001,6,3_30091_2_20251001,8,中の瀬車庫,M1-1：桜町バスターミナル→田迎→中の瀬車庫
13:41,7_311000423_20251001,3,4020_4142_2_20251001,7,長溝団地,P3-1：桜町バスターミナル→新市街→南熊本駅→長溝団地
13:45,2_684_20251001,5,3_30092_1_20251001,6,桜町バスターミナル,M1-1：中の瀬車庫→田迎→桜町バスターミナル
13:45,1_111000547_20251001,2,4020_4141_1_20251001,0,桜町バスターミナル,P3-1：長溝団地→南熊本駅→新市街→桜町バスターミナル
13:45,2_704_20251001,6,15_15041_2_20251001,6,城南,M6-1：桜町バスターミナル→田迎→イオン→城南
13:47,1_1525_20251001,5,15_15042_1_20251001,8,桜町バスターミナル,M6-1：城南→イオン→田迎→桜町バスターミナル
13:47,3_1755_20251001,2,38_38211_2_20251001,7,御幸木部,P2-3：桜町バスターミナル→大学病院→御幸病院→御幸木部
13:47,11_348_20251001,5,15_15042_1_20251001,5,桜町バスターミナル,M6-1：城南→イオン→田迎→桜町バスターミナル
13:50,3_1782_20251001,6,3_30091_2_20251001,7,中の瀬車庫,M1-1：桜町バスターミナル→田迎→中の瀬車庫
13:50,1_1537_20251001,6,15_15041_2_20251001,8,城南,M6-1：桜町バスターミナル→田迎→イオン→城南
13:50,11_360_20251001,6,15_15041_2_20251001,5,城南,M6-1：桜町バスターミナル→田迎→イオン→城南
13:53,1_111001562_20251001,2,4022_2312_2_20251001,0,桜町バスターミナル,P2-1：野越団地→済生会病院→平成町→下通筋→桜町バスターミナル
13:55,2_504_20251001,5,25_25052_1_20251001,6,桜町バスターミナル,M5-1：甲佐→乙女→イオン→田迎→桜町バスターミナル
13:58,11_52_20251001,5,3_3044_1_20251001,5,桜町バスターミナル,M3-1：甲佐→御船→イオン→田迎→桜町バスターミナル
13:58,1_1232_20251001,5,3_3044_1_20251001,8,桜町バスターミナル,M3-1：甲佐→御船→イオン→田迎→桜町バスターミナル
13:59,11_247_20251001,2,38_38211_2_20251001,5,御幸木部,P2-3：桜町バスターミナル→大学病院→御幸病院→御幸木部
13:59,1_1425_20251001,2,38_38211_2_20251001,8,御幸木部,P2-3：桜町バスターミナル→大学病院→御幸病院→御幸木部
14:00,2_692_20251001,6,3_30121_2_20251001,6,イオンモール熊本,M2-1：桜町バスターミナル→田迎→中の瀬車庫→イオン
14:00,1_1212_20251001,6,3_30121_2_20251001,8,イオンモール熊本,M2-1：桜町バスターミナル→田迎→中の瀬車庫→イオン
14:00,3_1630_20251001,6,15_15041_2_20251001,7,城南,M6-1：桜町バスターミナル→田迎→イオン→城南
14:00,11_31_20251001,6,3_30121_2_20251001,5,イオンモール熊本,M2-1：桜町バスターミナル→田迎→中の瀬車庫→イオン
14:01,2_617_20251001,1,38_38442_1_20251001,6,桜町バスターミナル,P2-5：御幸木部→御幸病院→大学病院構内→桜町バスターミナル
14:01,1_1433_20251001,1,38_38442_1_20251001,8,桜町バスターミナル,P2-5：御幸木部→御幸病院→大学病院構内→桜町バスターミナル
14:01,3_1761_20251001,1,38_38442_1_20251001,7,桜町バスターミナル,P2-5：御幸木部→御幸病院→大学病院構内→桜町バスターミナル
14:01,3_1622_20251001,5,15_15042_1_20251001,7,桜町バスターミナル,M6-1：城南→イオン→田迎→桜町バスターミナル
14:01,11_255_20251001,1,38_38442_1_20251001,5,桜町バスターミナル,P2-5：御幸木部→御幸病院→大学病院構内→桜町バスターミナル
14:03,7_311001139_20251001,3,4022_2311_1_20251001,7,野越団地,P2-1：桜町バスターミナル→下通筋→平成町→済生会病院→野越団地
14:07,2_697_20251001,5,15_15042_1_20251001,6,桜町バスターミナル,M6-1：城南→イオン→田迎→桜町バスターミナル
14:08,7_311000396_20251001,2,4020_4141_1_20251001,7,桜町バスターミナル,P3-1：長溝団地→南熊本駅→新市街→桜町バスターミナル
14:08,1_111001578_20251001,3,4022_2311_1_20251001,0,野越団地,P2-1：桜町バスターミナル→下通筋→平成町→済生会病院→野越団地
14:10,2_685_20251001,6,3_30091_2_20251001,6,中の瀬車庫,M1-1：桜町バスターミナル→田迎→中の瀬車庫
14:13,1_1522_20251001,6,3_30091_2_20251001,8,中の瀬車庫,M1-1：桜町バスターミナル→田迎→中の瀬車庫
14:13,11_345_20251001,6,3_30091_2_20251001,5,中の瀬車庫,M1-1：桜町バスターミナル→田迎→中の瀬車庫
14:14,3_1577_20251001,5,2_2062_1_20251001,7,桜町バスターミナル,M4-1：甲佐→辺場→イオン→田迎→桜町バスターミナル
14:16,1_111000533_20251001,3,4020_4142_2_20251001,0,長溝団地,P3-1：桜町バスターミナル→新市街→南熊本駅→長溝団地
14:16,1_111000501_20251001,3,4007_3651_1_20251001,0,県立劇場前,O4-1：熊本駅→南熊本駅→県立劇場
14:17,1_1529_20251001,5,3_30092_1_20251001,8,桜町バスターミナル,M1-1：中の瀬車庫→田迎→桜町バスターミナル
14:17,11_352_20251001,5,3_30092_1_20251001,5,桜町バスターミナル,M1-1：中の瀬車庫→田迎→桜町バスターミナル
14:18,1_111000679_20251001,2,4021_4521_1_20251001,0,桜町バスターミナル,L0-0：桜町バスターミナル→画図道→南熊本駅→下通筋→桜町バスターミナル
14:20,3_1583_20251001,6,2_2061_2_20251001,7,甲佐,M4-1：桜町バスターミナル→田迎→イオン→辺場→甲佐
14:20,2_406_20251001,5,2_2062_1_20251001,6,桜町バスターミナル,M4-1：甲佐→辺場→イオン→田迎→桜町バスターミナル
14:21,11_22_20251001,6,2_2421_2_20251001,5,浜町,M4-3：桜町バスターミナル→田迎→イオン→辺場→内大臣→浜町
14:21,1_1203_20251001,6,2_2421_2_20251001,8,浜町,M4-3：桜町バスターミナル→田迎→イオン→辺場→内大臣→浜町
14:22,2_622_20251001,2,38_38211_2_20251001,6,御幸木部,P2-3：桜町バスターミナル→大学病院→御幸病院→御幸木部
14:22,3_1764_20251001,2,38_38211_2_20251001,7,御幸木部,P2-3：桜町バスターミナル→大学病院→御幸病院→御幸木部
14:25,2_443_20251001,6,3_30121_2_20251001,6,イオンモール熊本,M2-1：桜町バスターミナル→田迎→中の瀬車庫→イオン
14:25,1_1324_20251001,5,25_25052_1_20251001,8,桜町バスターミナル,M5-1：甲佐→乙女→イオン→田迎→桜町バスターミナル
14:25,11_146_20251001,5,25_25052_1_20251001,5,桜町バスターミナル,M5-1：甲佐→乙女→イオン→田迎→桜町バスターミナル
14:30,1_1214_20251001,6,3_3043_2_20251001,8,甲佐,M3-1：桜町バスターミナル→田迎→イオン→御船→甲佐
14:30,11_33_20251001,6,3_3043_2_20251001,5,甲佐,M3-1：桜町バスターミナル→田迎→イオン→御船→甲佐
14:30,1_1499_20251001,5,3_30092_1_20251001,8,桜町バスターミナル,M1-1：中の瀬車庫→田迎→桜町バスターミナル
14:30,11_322_20251001,5,3_30092_1_20251001,5,桜町バスターミナル,M1-1：中の瀬車庫→田迎→桜町バスターミナル
14:31,3_1827_20251001,5,3_30302_1_20251001,7,熊本駅前,M2-1：イオン→中車庫→田迎→桜町バスターミナル→熊本駅
14:32,1_111000654_20251001,3,4021_4531_1_20251001,0,桜町バスターミナル,P0-0：桜町バスターミナル→下通筋→南熊本駅→画図道→桜町バスターミナル
14:35,2_435_20251001,6,3_30091_2_20251001,6,中の瀬車庫,M1-1：桜町バスターミナル→田迎→中の瀬車庫
14:35,3_1831_20251001,6,3_30091_2_20251001,7,中の瀬車庫,M1-1：桜町バスターミナル→田迎→中の瀬車庫
14:40,11_343_20251001,6,15_15041_2_20251001,5,城南,M6-1：桜町バスターミナル→田迎→イオン→城南
14:40,1_1520_20251001,6,15_15041_2_20251001,8,城南,M6-1：桜町バスターミナル→田迎→イオン→城南
14:40,3_1842_20251001,5,3_30092_1_20251001,7,桜町バスターミナル,M1-1：中の瀬車庫→田迎→桜町バスターミナル
14:42,1_1441_20251001,5,15_18022_1_20251001,8,桜町バスターミナル,M6-4：志導寺→城南→イオン→田迎→桜町バスターミナル
14:42,11_264_20251001,5,15_18022_1_20251001,5,桜町バスターミナル,M6-4：志導寺→城南→イオン→田迎→桜町バスターミナル
14:43,2_702_20251001,5,15_15042_1_20251001,6,桜町バスターミナル,M6-1：城南→イオン→田迎→桜町バスターミナル
14:45,1_111000548_20251001,2,4020_4141_1_20251001,0,桜町バスターミナル,P3-1：長溝団地→南熊本駅→新市街→桜町バスターミナル
14:45,2_570_20251001,6,15_20021_2_20251001,6,段鶴,M6-6：桜町バスターミナル→田迎→イオン→城南→段鶴
14:46,7_311000503_20251001,2,4021_4521_1_20251001,7,桜町バスターミナル,L0-0：桜町バスターミナル→画図道→南熊本駅→下通筋→桜町バスターミナル
14:47,7_311000484_20251001,3,4021_4531_1_20251001,7,桜町バスターミナル,P0-0：桜町バスターミナル→下通筋→南熊本駅→画図道→桜町バスターミナル
14:48,7_311001131_20251001,2,4022_2312_2_20251001,7,桜町バスターミナル,P2-1：野越団地→済生会病院→平成町→下通筋→桜町バスターミナル
14:50,11_142_20251001,6,25_25051_2_20251001,5,甲佐,M5-1：桜町バスターミナル→田迎→イオン→乙女→甲佐
14:50,1_1320_20251001,6,25_25051_2_20251001,8,甲佐,M5-1：桜町バスターミナル→田迎→イオン→乙女→甲佐
14:50,3_1765_20251001,6,3_30121_2_20251001,7,イオンモール熊本,M2-1：桜町バスターミナル→田迎→中の瀬車庫→イオン
14:51,1_1531_20251001,5,2_2062_1_20251001,8,桜町バスターミナル,M4-1：甲佐→辺場→イオン→田迎→桜町バスターミナル
14:51,11_354_20251001,5,2_2062_1_20251001,5,桜町バスターミナル,M4-1：甲佐→辺場→イオン→田迎→桜町バスターミナル
14:52,1_1474_20251001,1,38_38332_1_20251001,8,桜町バスターミナル,P2-4：御幸木部→大学病院構内→桜町バスターミナル
14:52,11_297_20251001,1,38_38332_1_20251001,5,桜町バスターミナル,P2-4：御幸木部→大学病院構内→桜町バスターミナル
14:53,1_111001563_20251001,2,4022_2312_2_20251001,0,桜町バスターミナル,P2-1：野越団地→済生会病院→平成町→下通筋→桜町バスターミナル
14:54,1_111000499_20251001,2,4007_3652_2_20251001,0,熊本駅前,O3-1：県立劇場→南熊本駅→熊本駅
14:55,3_1567_20251001,6,1_1313_2_20251001,7,通潤山荘,M3-2：桜町バスターミナル→田迎→イオン→通潤山荘
14:55,11_248_20251001,2,38_38211_2_20251001,5,御幸木部,P2-3：桜町バスターミナル→大学病院→御幸病院→御幸木部
14:55,1_1426_20251001,2,38_38211_2_20251001,8,御幸木部,P2-3：桜町バスターミナル→大学病院→御幸病院→御幸木部
14:55,2_434_20251001,6,3_30091_2_20251001,6,中の瀬車庫,M1-1：桜町バスターミナル→田迎→中の瀬車庫
14:56,3_1775_20251001,5,15_18022_1_20251001,7,桜町バスターミナル,M6-4：志導寺→城南→イオン→田迎→桜町バスターミナル
14:57,2_661_20251001,1,38_38332_1_20251001,6,桜町バスターミナル,P2-4：御幸木部→大学病院構内→桜町バスターミナル
14:57,2_623_20251001,2,38_38211_2_20251001,6,御幸木部,P2-3：桜町バスターミナル→大学病院→御幸病院→御幸木部
14:57,3_1756_20251001,2,38_38211_2_20251001,7,御幸木部,P2-3：桜町バスターミナル→大学病院→御幸病院→御幸木部
15:00,11_331_20251001,5,3_30122_1_20251001,5,桜町バスターミナル,M2-1：イオン→中の瀬車庫→田迎→桜町バスターミナル
15:00,1_1508_20251001,5,3_30122_1_20251001,8,桜町バスターミナル,M2-1：イオン→中の瀬車庫→田迎→桜町バスターミナル
15:00,1_1498_20251001,6,3_30121_2_20251001,8,イオンモール熊本,M2-1：桜町バスターミナル→田迎→中の瀬車庫→イオン
15:00,11_321_20251001,6,3_30121_2_20251001,5,イオンモール熊本,M2-1：桜町バスターミナル→田迎→中の瀬車庫→イオン
15:01,3_1763_20251001,1,38_38442_1_20251001,7,桜町バスターミナル,P2-5：御幸木部→御幸病院→大学病院構内→桜町バスターミナル
15:03,7_311001140_20251001,3,4022_2311_1_20251001,7,野越団地,P2-1：桜町バスターミナル→下通筋→平成町→済生会病院→野越団地
15:05,3_1772_20251001,6,15_18021_2_20251001,7,志導寺,M6-4：桜町バスターミナル→田迎→イオン→城南→志導寺
15:08,3_1818_20251001,5,3_30092_1_20251001,7,桜町バスターミナル,M1-1：中の瀬車庫→田迎→桜町バスターミナル
15:08,2_433_20251001,5,3_30092_1_20251001,6,桜町バスターミナル,M1-1：中の瀬車庫→田迎→桜町バスターミナル
15:08,1_111001579_20251001,3,4022_2311_1_20251001,0,野越団地,P2-1：桜町バスターミナル→下通筋→平成町→済生会病院→野越団地
15:15,11_11_20251001,5,1_1314_1_20251001,5,桜町バスターミナル,M3-2：通潤山荘→イオン→田迎→桜町バスターミナル
15:15,1_1192_20251001,5,1_1314_1_20251001,8,桜町バスターミナル,M3-2：通潤山荘→イオン→田迎→桜町バスターミナル
15:15,2_395_20251001,6,1_1313_2_20251001,6,通潤山荘,M3-2：桜町バスターミナル→田迎→イオン→通潤山荘
15:15,11_64_20251001,6,15_17021_2_20251001,5,松橋駅,M6-3：桜町バスターミナル→田迎→イオン→城南→松橋駅
15:15,1_1244_20251001,6,15_17021_2_20251001,8,松橋駅,M6-3：桜町バスターミナル→田迎→イオン→城南→松橋駅
15:16,1_111000534_20251001,3,4020_4142_2_20251001,0,長溝団地,P3-1：桜町バスターミナル→新市街→南熊本駅→長溝団地
15:18,1_111000681_20251001,2,4021_4521_1_20251001,0,桜町バスターミナル,L0-0：桜町バスターミナル→画図道→南熊本駅→下通筋→桜町バスターミナル
15:20,3_1839_20251001,5,3_30092_1_20251001,7,桜町バスターミナル,M1-1：中の瀬車庫→田迎→桜町バスターミナル
15:23,2_651_20251001,5,2_2322_1_20251001,6,桜町バスターミナル,M4-2：砥用→辺場→イオン→田迎→桜町バスターミナル
15:24,1_1532_20251001,5,3_30122_1_20251001,8,桜町バスターミナル,M2-1：イオン→中の瀬車庫→田迎→桜町バスターミナル
15:24,11_355_20251001,5,3_30122_1_20251001,5,桜町バスターミナル,M2-1：イオン→中の瀬車庫→田迎→桜町バスターミナル
15:25,3_1796_20251001,6,3_30121_2_20251001,7,イオンモール熊本,M2-1：桜町バスターミナル→田迎→中の瀬車庫→イオン
15:25,1_1468_20251001,6,3_30091_2_20251001,8,中の瀬車庫,M1-1：桜町バスターミナル→田迎→中の瀬車庫
15:25,11_291_20251001,6,3_30091_2_20251001,5,中の瀬車庫,M1-1：桜町バスターミナル→田迎→中の瀬車庫
15:26,3_1563_20251001,5,1_1314_1_20251001,7,桜町バスターミナル,M3-2：通潤山荘→イオン→田迎→桜町バスターミナル
15:27,3_1792_20251001,1,38_38332_1_20251001,7,桜町バスターミナル,P2-4：御幸木部→大学病院構内→桜町バスターミナル
15:30,2_708_20251001,5,3_30092_1_20251001,6,桜町バスターミナル,M1-1：中の瀬車庫→田迎→桜町バスターミナル
15:30,2_444_20251001,6,3_30121_2_20251001,6,イオンモール熊本,M2-1：桜町バスターミナル→田迎→中の瀬車庫→イオン
15:32,1_111000656_20251001,3,4021_4531_1_20251001,0,桜町バスターミナル,P0-0：桜町バスターミナル→下通筋→南熊本駅→画図道→桜町バスターミナル
15:34,11_382_20251001,5,3_30092_1_20251001,5,桜町バスターミナル,M1-1：中の瀬車庫→田迎→桜町バスターミナル
15:34,1_1555_20251001,5,3_30092_1_20251001,8,桜町バスターミナル,M1-1：中の瀬車庫→田迎→桜町バスターミナル
15:35,3_1574_20251001,6,2_2321_2_20251001,7,砥用・学校前,M4-2：桜町バスターミナル→田迎→イオン→辺場→砥用
15:36,3_1768_20251001,5,3_30122_1_20251001,7,桜町バスターミナル,M2-1：イオン→中の瀬車庫→田迎→桜町バスターミナル
15:36,2_705_20251001,5,15_15042_1_20251001,6,桜町バスターミナル,M6-1：城南→イオン→田迎→桜町バスターミナル
15:40,2_587_20251001,6,2_2321_2_20251001,6,砥用・学校前,M4-2：桜町バスターミナル→田迎→イオン→辺場→砥用
15:41,1_1521_20251001,5,3_30092_1_20251001,8,桜町バスターミナル,M1-1：中の瀬車庫→田迎→桜町バスターミナル
15:41,11_344_20251001,5,3_30092_1_20251001,5,桜町バスターミナル,M1-1：中の瀬車庫→田迎→桜町バスターミナル
15:41,7_311000412_20251001,3,4020_4142_2_20251001,7,長溝団地,P3-1：桜町バスターミナル→新市街→南熊本駅→長溝団地
15:43,3_1822_20251001,5,3_30092_1_20251001,7,桜町バスターミナル,M1-1：中の瀬車庫→田迎→桜町バスターミナル
15:45,11_249_20251001,2,38_38211_2_20251001,5,御幸木部,P2-3：桜町バスターミナル→大学病院→御幸病院→御幸木部
15:45,3_1795_20251001,6,3_30091_2_20251001,7,中の瀬車庫,M1-1：桜町バスターミナル→田迎→中の瀬車庫
15:45,1_111000520_20251001,2,4020_4141_1_20251001,0,桜町バスターミナル,P3-1：長溝団地→南熊本駅→新市街→桜町バスターミナル
15:45,1_1427_20251001,2,38_38211_2_20251001,8,御幸木部,P2-3：桜町バスターミナル→大学病院→御幸病院→御幸木部
15:47,1_1399_20251001,5,3_30302_1_20251001,8,熊本駅前,M2-1：イオン→中車庫→田迎→桜町バスターミナル→熊本駅
15:47,11_221_20251001,5,3_30302_1_20251001,5,熊本駅前,M2-1：イオン→中車庫→田迎→桜町バスターミナル→熊本駅
15:47,2_687_20251001,5,3_30092_1_20251001,6,桜町バスターミナル,M1-1：中の瀬車庫→田迎→桜町バスターミナル
15:48,7_311001132_20251001,2,4022_2312_2_20251001,7,桜町バスターミナル,P2-1：野越団地→済生会病院→平成町→下通筋→桜町バスターミナル
15:50,1_1245_20251001,6,15_19031_2_20251001,8,下安見,M6-5：桜町バスターミナル→田迎→イオン→城南→志導寺→下安見
15:50,11_66_20251001,6,15_19031_2_20251001,5,下安見,M6-5：桜町バスターミナル→田迎→イオン→城南→志導寺→下安見
15:51,11_23_20251001,5,2_2062_1_20251001,5,桜町バスターミナル,M4-1：甲佐→辺場→イオン→田迎→桜町バスターミナル
15:51,1_1204_20251001,5,2_2062_1_20251001,8,桜町バスターミナル,M4-1：甲佐→辺場→イオン→田迎→桜町バスターミナル
15:52,11_298_20251001,1,38_38332_1_20251001,5,桜町バスターミナル,P2-4：御幸木部→大学病院構内→桜町バスターミナル
15:52,1_1475_20251001,1,38_38332_1_20251001,8,桜町バスターミナル,P2-4：御幸木部→大学病院構内→桜町バスターミナル
15:53,1_111001564_20251001,2,4022_2312_2_20251001,0,桜町バスターミナル,P2-1：野越団地→済生会病院→平成町→下通筋→桜町バスターミナル
15:54,2_390_20251001,5,1_1314_1_20251001,6,桜町バスターミナル,M3-2：通潤山荘→イオン→田迎→桜町バスターミナル
15:55,2_571_20251001,6,15_17021_2_20251001,6,松橋駅,M6-3：桜町バスターミナル→田迎→イオン→城南→松橋駅
15:55,3_1595_20251001,6,3_3043_2_20251001,7,甲佐,M3-1：桜町バスターミナル→田迎→イオン→御船→甲佐
15:55,3_1623_20251001,5,15_15042_1_20251001,7,桜町バスターミナル,M6-1：城南→イオン→田迎→桜町バスターミナル
15:57,3_1757_20251001,2,38_38211_2_20251001,7,御幸木部,P2-3：桜町バスターミナル→大学病院→御幸病院→御幸木部
15:57,2_624_20251001,2,38_38211_2_20251001,6,御幸木部,P2-3：桜町バスターミナル→大学病院→御幸病院→御幸木部
15:57,3_1793_20251001,1,38_38332_1_20251001,7,桜町バスターミナル,P2-4：御幸木部→大学病院構内→桜町バスターミナル
15:57,2_662_20251001,1,38_38332_1_20251001,6,桜町バスターミナル,P2-4：御幸木部→大学病院構内→桜町バスターミナル
16:00,11_290_20251001,6,3_30091_2_20251001,5,中の瀬車庫,M1-1：桜町バスターミナル→田迎→中の瀬車庫
16:00,1_1467_20251001,6,3_30091_2_20251001,8,中の瀬車庫,M1-1：桜町バスターミナル→田迎→中の瀬車庫
16:00,3_1631_20251001,6,15_15041_2_20251001,7,城南,M6-1：桜町バスターミナル→田迎→イオン→城南
16:03,7_311001141_20251001,3,4022_2311_1_20251001,7,野越団地,P2-1：桜町バスターミナル→下通筋→平成町→済生会病院→野越団地
16:03,1_111001580_20251001,3,4022_2311_1_20251001,0,野越団地,P2-1：桜町バスターミナル→下通筋→平成町→済生会病院→野越団地
16:04,3_1830_20251001,5,3_30092_1_20251001,7,桜町バスターミナル,M1-1：中の瀬車庫→田迎→桜町バスターミナル
16:06,11_75_20251001,5,15_17022_1_20251001,5,桜町バスターミナル,M6-3：松橋駅→城南→イオン→田迎→桜町バスターミナル
16:06,1_1254_20251001,5,15_17022_1_20251001,8,桜町バスターミナル,M6-3：松橋駅→城南→イオン→田迎→桜町バスターミナル
16:08,7_311000398_20251001,2,4020_4141_1_20251001,7,桜町バスターミナル,P3-1：長溝団地→南熊本駅→新市街→桜町バスターミナル
16:08,2_664_20251001,5,3_30092_1_20251001,6,桜町バスターミナル,M1-1：中の瀬車庫→田迎→桜町バスターミナル
16:10,1_1321_20251001,6,25_25051_2_20251001,8,甲佐,M5-1：桜町バスターミナル→田迎→イオン→乙女→甲佐
16:10,11_143_20251001,6,25_25051_2_20251001,5,甲佐,M5-1：桜町バスターミナル→田迎→イオン→乙女→甲佐
16:10,2_560_20251001,6,3_30091_2_20251001,6,中の瀬車庫,M1-1：桜町バスターミナル→田迎→中の瀬車庫
16:10,3_1819_20251001,6,3_30091_2_20251001,7,中の瀬車庫,M1-1：桜町バスターミナル→田迎→中の瀬車庫
16:13,1_1231_20251001,5,3_3044_1_20251001,8,桜町バスターミナル,M3-1：甲佐→御船→イオン→田迎→桜町バスターミナル
16:13,11_51_20251001,5,3_3044_1_20251001,5,桜町バスターミナル,M3-1：甲佐→御船→イオン→田迎→桜町バスターミナル
16:14,1_111000559_20251001,3,4020_4101_1_20251001,0,長溝団地,P3-1：変電所→桜町バスターミナル→南熊本駅→長溝団地
16:15,2_426_20251001,6,3_3043_2_20251001,6,甲佐,M3-1：桜町バスターミナル→田迎→イオン→御船→甲佐
16:16,2_399_20251001,5,2_2322_1_20251001,6,桜町バスターミナル,M4-2：砥用→辺場→イオン→田迎→桜町バスターミナル
16:17,1_1476_20251001,1,38_38332_1_20251001,8,桜町バスターミナル,P2-4：御幸木部→大学病院構内→桜町バスターミナル
16:17,11_299_20251001,1,38_38332_1_20251001,5,桜町バスターミナル,P2-4：御幸木部→大学病院構内→桜町バスターミナル
16:18,1_111000683_20251001,2,4021_4521_1_20251001,0,桜町バスターミナル,L0-0：桜町バスターミナル→画図道→南熊本駅→下通筋→桜町バスターミナル
16:20,1_1449_20251001,2,38_38111_2_20251001,8,御幸木部,P2-2：桜町バスターミナル→大学病院→御幸木部
16:20,11_272_20251001,2,38_38111_2_20251001,5,御幸木部,P2-2：桜町バスターミナル→大学病院→御幸木部
16:21,1_1224_20251001,5,3_30092_1_20251001,8,桜町バスターミナル,M1-1：中の瀬車庫→田迎→桜町バスターミナル
16:21,11_43_20251001,5,3_30092_1_20251001,5,桜町バスターミナル,M1-1：中の瀬車庫→田迎→桜町バスターミナル
16:24,3_1685_20251001,5,25_25052_1_20251001,7,桜町バスターミナル,M5-1：甲佐→乙女→イオン→田迎→桜町バスターミナル
16:25,3_1689_20251001,6,25_25051_2_20251001,7,甲佐,M5-1：桜町バスターミナル→田迎→イオン→乙女→甲佐
16:25,1_1238_20251001,6,15_16031_2_20251001,8,宇土駅東口,M6-2：桜町バスターミナル→田迎→イオン→城南→宇土駅
16:25,11_58_20251001,6,15_16031_2_20251001,5,宇土駅東口,M6-2：桜町バスターミナル→田迎→イオン→城南→宇土駅
16:25,2_509_20251001,6,25_25051_2_20251001,6,甲佐,M5-1：桜町バスターミナル→田迎→イオン→乙女→甲佐
16:26,7_311000506_20251001,2,4021_4521_1_20251001,7,桜町バスターミナル,L0-0：桜町バスターミナル→画図道→南熊本駅→下通筋→桜町バスターミナル
16:27,2_663_20251001,1,38_38332_1_20251001,6,桜町バスターミナル,P2-4：御幸木部→大学病院構内→桜町バスターミナル
16:27,3_1778_20251001,2,38_38111_2_20251001,7,御幸木部,P2-2：桜町バスターミナル→大学病院→御幸木部
16:28,7_311000487_20251001,3,4021_4531_1_20251001,7,桜町バスターミナル,P0-0：桜町バスターミナル→下通筋→南熊本駅→画図道→桜町バスターミナル
16:31,2_437_20251001,5,3_30122_1_20251001,6,桜町バスターミナル,M2-1：イオン→中の瀬車庫→田迎→桜町バスターミナル
16:32,1_111000658_20251001,3,4021_4531_1_20251001,0,桜町バスターミナル,P0-0：桜町バスターミナル→下通筋→南熊本駅→画図道→桜町バスターミナル
16:35,2_649_20251001,6,3_30121_2_20251001,6,イオンモール熊本,M2-1：桜町バスターミナル→田迎→中の瀬車庫→イオン
16:37,1_1227_20251001,5,3_30122_1_20251001,8,桜町バスターミナル,M2-1：イオン→中の瀬車庫→田迎→桜町バスターミナル
16:37,11_47_20251001,5,3_30122_1_20251001,5,桜町バスターミナル,M2-1：イオン→中の瀬車庫→田迎→桜町バスターミナル
16:37,2_419_20251001,5,3_3044_1_20251001,6,桜町バスターミナル,M3-1：甲佐→御船→イオン→田迎→桜町バスターミナル
16:39,1_111000484_20251001,2,4007_3661_1_20251001,0,熊本駅前,O3-0：熊本駅→本荘町→大学病院構内→県立劇場→南熊本駅→熊本駅
16:40,3_1568_20251001,6,1_1313_2_20251001,7,通潤山荘,M3-2：桜町バスターミナル→田迎→イオン→通潤山荘
16:40,2_569_20251001,6,15_16031_2_20251001,6,宇土駅東口,M6-2：桜町バスターミナル→田迎→イオン→城南→宇土駅
16:41,3_1572_20251001,5,2_2322_1_20251001,7,桜町バスターミナル,M4-2：砥用→辺場→イオン→田迎→桜町バスターミナル
16:41,1_111000535_20251001,3,4020_4142_2_20251001,0,長溝団地,P3-1：桜町バスターミナル→新市街→南熊本駅→長溝団地
16:42,11_70_20251001,5,15_15042_1_20251001,5,桜町バスターミナル,M6-1：城南→イオン→田迎→桜町バスターミナル
16:42,1_1249_20251001,5,15_15042_1_20251001,8,桜町バスターミナル,M6-1：城南→イオン→田迎→桜町バスターミナル
16:45,11_271_20251001,2,38_38111_2_20251001,5,御幸木部,P2-2：桜町バスターミナル→大学病院→御幸木部
16:45,1_1246_20251001,6,15_20021_2_20251001,8,段鶴,M6-6：桜町バスターミナル→田迎→イオン→城南→段鶴
16:45,1_111000521_20251001,2,4020_4141_1_20251001,0,桜町バスターミナル,P3-1：長溝団地→南熊本駅→新市街→桜町バスターミナル
16:45,1_1448_20251001,2,38_38111_2_20251001,8,御幸木部,P2-2：桜町バスターミナル→大学病院→御幸木部
16:45,2_601_20251001,6,2_2061_2_20251001,6,甲佐,M4-1：桜町バスターミナル→田迎→イオン→辺場→甲佐
16:45,11_67_20251001,6,15_20021_2_20251001,5,段鶴,M6-6：桜町バスターミナル→田迎→イオン→城南→段鶴
16:48,7_311001133_20251001,2,4022_2312_2_20251001,7,桜町バスターミナル,P2-1：野越団地→済生会病院→平成町→下通筋→桜町バスターミナル
16:49,3_1771_20251001,5,3_30092_1_20251001,7,桜町バスターミナル,M1-1：中の瀬車庫→田迎→桜町バスターミナル
16:50,3_1829_20251001,6,3_30091_2_20251001,7,中の瀬車庫,M1-1：桜町バスターミナル→田迎→中の瀬車庫
16:51,2_438_20251001,5,3_30122_1_20251001,6,桜町バスターミナル,M2-1：イオン→中の瀬車庫→田迎→桜町バスターミナル
16:52,1_1453_20251001,1,38_38332_1_20251001,8,桜町バスターミナル,P2-4：御幸木部→大学病院構内→桜町バスターミナル
16:52,11_276_20251001,1,38_38332_1_20251001,5,桜町バスターミナル,P2-4：御幸木部→大学病院構内→桜町バスターミナル
16:53,11_371_20251001,5,3_30122_1_20251001,5,桜町バスターミナル,M2-1：イオン→中の瀬車庫→田迎→桜町バスターミナル
16:53,1_111001565_20251001,2,4022_2312_2_20251001,0,桜町バスターミナル,P2-1：野越団地→済生会病院→平成町→下通筋→桜町バスターミナル
16:53,1_1548_20251001,5,3_30122_1_20251001,8,桜町バスターミナル,M2-1：イオン→中の瀬車庫→田迎→桜町バスターミナル
16:53,1_111001581_20251001,3,4022_2311_1_20251001,0,野越団地,P2-1：桜町バスターミナル→下通筋→平成町→済生会病院→野越団地
16:55,11_5_20251001,6,1_1313_2_20251001,5,通潤山荘,M3-2：桜町バスターミナル→田迎→イオン→通潤山荘
16:55,1_1186_20251001,6,1_1313_2_20251001,8,通潤山荘,M3-2：桜町バスターミナル→田迎→イオン→通潤山荘
16:57,2_646_20251001,1,38_38332_1_20251001,6,桜町バスターミナル,P2-4：御幸木部→大学病院構内→桜町バスターミナル
16:57,2_644_20251001,2,38_38111_2_20251001,6,御幸木部,P2-2：桜町バスターミナル→大学病院→御幸木部
16:57,3_1794_20251001,1,38_38332_1_20251001,7,桜町バスターミナル,P2-4：御幸木部→大学病院構内→桜町バスターミナル
16:57,1_111000504_20251001,3,4007_3601_1_20251001,0,熊本駅前,O4-0：熊本駅→南熊本駅→県立劇場→本荘町→熊本駅
17:00,2_625_20251001,6,3_30121_2_20251001,6,イオンモール熊本,M2-1：桜町バスターミナル→田迎→中の瀬車庫→イオン
17:00,3_1833_20251001,5,15_18022_1_20251001,7,桜町バスターミナル,M6-4：志導寺→城南→イオン→田迎→桜町バスターミナル
17:02,3_1779_20251001,2,38_38111_2_20251001,7,御幸木部,P2-2：桜町バスターミナル→大学病院→御幸木部
17:03,7_311001142_20251001,3,4022_2311_1_20251001,7,野越団地,P2-1：桜町バスターミナル→下通筋→平成町→済生会病院→野越団地
17:05,2_505_20251001,5,25_25052_1_20251001,6,桜町バスターミナル,M5-1：甲佐→乙女→イオン→田迎→桜町バスターミナル
17:05,11_280_20251001,5,2_2322_1_20251001,5,桜町バスターミナル,M4-2：砥用→辺場→イオン→田迎→桜町バスターミナル
17:05,3_1773_20251001,6,15_18021_2_20251001,7,志導寺,M6-4：桜町バスターミナル→田迎→イオン→城南→志導寺
17:05,1_1457_20251001,5,2_2322_1_20251001,8,桜町バスターミナル,M4-2：砥用→辺場→イオン→田迎→桜町バスターミナル
17:08,3_1797_20251001,5,3_30092_1_20251001,7,桜町バスターミナル,M1-1：中の瀬車庫→田迎→桜町バスターミナル
17:09,11_147_20251001,5,25_25052_1_20251001,5,桜町バスターミナル,M5-1：甲佐→乙女→イオン→田迎→桜町バスターミナル
17:09,1_1325_20251001,5,25_25052_1_20251001,8,桜町バスターミナル,M5-1：甲佐→乙女→イオン→田迎→桜町バスターミナル
17:11,1_111000558_20251001,2,4020_4141_1_20251001,0,桜町バスターミナル,P3-1：長溝団地→南熊本駅→新市街→桜町バスターミナル
17:12,11_268_20251001,2,38_38111_2_20251001,5,御幸木部,P2-2：桜町バスターミナル→大学病院→御幸木部
17:12,1_1445_20251001,2,38_38111_2_20251001,8,御幸木部,P2-2：桜町バスターミナル→大学病院→御幸木部
17:15,1_1219_20251001,6,3_30091_2_20251001,8,中の瀬車庫,M1-1：桜町バスターミナル→田迎→中の瀬車庫
17:15,3_1845_20251001,6,2_2061_2_20251001,7,甲佐,M4-1：桜町バスターミナル→田迎→イオン→辺場→甲佐
17:15,11_38_20251001,6,3_30091_2_20251001,5,中の瀬車庫,M1-1：桜町バスターミナル→田迎→中の瀬車庫
17:15,2_396_20251001,6,1_1313_2_20251001,6,通潤山荘,M3-2：桜町バスターミナル→田迎→イオン→通潤山荘
17:16,2_577_20251001,5,15_20022_1_20251001,6,桜町バスターミナル,M6-6：段鶴→城南→イオン→田迎→桜町バスターミナル
17:16,1_111000660_20251001,3,4021_4531_1_20251001,0,桜町バスターミナル,P0-0：桜町バスターミナル→下通筋→南熊本駅→画図道→桜町バスターミナル
17:19,1_1193_20251001,5,1_1314_1_20251001,8,桜町バスターミナル,M3-2：通潤山荘→イオン→田迎→桜町バスターミナル
17:19,11_12_20251001,5,1_1314_1_20251001,5,桜町バスターミナル,M3-2：通潤山荘→イオン→田迎→桜町バスターミナル
17:20,11_275_20251001,1,38_38332_1_20251001,5,桜町バスターミナル,P2-4：御幸木部→大学病院構内→桜町バスターミナル
17:20,1_1452_20251001,1,38_38332_1_20251001,8,桜町バスターミナル,P2-4：御幸木部→大学病院構内→桜町バスターミナル
17:20,3_1769_20251001,5,3_30122_1_20251001,7,桜町バスターミナル,M2-1：イオン→中の瀬車庫→田迎→桜町バスターミナル
17:25,2_407_20251001,5,2_2062_1_20251001,6,桜町バスターミナル,M4-1：甲佐→辺場→イオン→田迎→桜町バスターミナル
17:26,11_288_20251001,6,2_2421_2_20251001,5,浜町,M4-3：桜町バスターミナル→田迎→イオン→辺場→内大臣→浜町
17:26,1_1465_20251001,6,2_2421_2_20251001,8,浜町,M4-3：桜町バスターミナル→田迎→イオン→辺場→内大臣→浜町
17:26,3_1590_20251001,5,3_3044_1_20251001,7,桜町バスターミナル,M3-1：甲佐→御船→イオン→田迎→桜町バスターミナル
17:26,7_311000507_20251001,2,4021_4521_1_20251001,7,桜町バスターミナル,L0-0：桜町バスターミナル→画図道→南熊本駅→下通筋→桜町バスターミナル
17:27,1_111000685_20251001,2,4021_4521_1_20251001,0,桜町バスターミナル,L0-0：桜町バスターミナル→画図道→南熊本駅→下通筋→桜町バスターミナル
17:27,2_647_20251001,1,38_38332_1_20251001,6,桜町バスターミナル,P2-4：御幸木部→大学病院構内→桜町バスターミナル
17:27,3_1728_20251001,1,38_38332_1_20251001,7,桜町バスターミナル,P2-4：御幸木部→大学病院構内→桜町バスターミナル
17:27,2_553_20251001,2,38_38111_2_20251001,6,御幸木部,P2-2：桜町バスターミナル→大学病院→御幸木部
17:28,11_370_20251001,5,3_30092_1_20251001,5,桜町バスターミナル,M1-1：中の瀬車庫→田迎→桜町バスターミナル
17:28,7_311000488_20251001,3,4021_4531_1_20251001,7,桜町バスターミナル,P0-0：桜町バスターミナル→下通筋→南熊本駅→画図道→桜町バスターミナル
17:28,1_1547_20251001,5,3_30092_1_20251001,8,桜町バスターミナル,M1-1：中の瀬車庫→田迎→桜町バスターミナル
17:31,1_111001582_20251001,3,4022_2311_1_20251001,0,野越団地,P2-1：桜町バスターミナル→下通筋→平成町→済生会病院→野越団地
17:34,2_420_20251001,5,3_3044_1_20251001,6,桜町バスターミナル,M3-1：甲佐→御船→イオン→田迎→桜町バスターミナル
17:35,3_1766_20251001,6,3_30121_2_20251001,7,イオンモール熊本,M2-1：桜町バスターミナル→田迎→中の瀬車庫→イオン
17:35,2_683_20251001,6,3_30091_2_20251001,6,中の瀬車庫,M1-1：桜町バスターミナル→田迎→中の瀬車庫
17:36,1_1549_20251001,6,15_17021_2_20251001,8,松橋駅,M6-3：桜町バスターミナル→田迎→イオン→城南→松橋駅
17:36,11_372_20251001,6,15_17021_2_20251001,5,松橋駅,M6-3：桜町バスターミナル→田迎→イオン→城南→松橋駅
17:38,1_111000536_20251001,3,4020_4142_2_20251001,0,長溝団地,P3-1：桜町バスターミナル→新市街→南熊本駅→長溝団地
17:39,1_111001596_20251001,3,4022_2301_1_20251001,0,済生会病院,P1-1：桜町バスターミナル→辛島町→萩原→済生会病院
17:40,3_1786_20251001,5,3_30122_1_20251001,7,桜町バスターミナル,M2-1：イオン→中の瀬車庫→田迎→桜町バスターミナル
17:40,2_572_20251001,6,15_17021_2_20251001,6,松橋駅,M6-3：桜町バスターミナル→田迎→イオン→城南→松橋駅
17:41,7_311000415_20251001,3,4020_4142_2_20251001,7,長溝団地,P3-1：桜町バスターミナル→新市街→南熊本駅→長溝団地
17:42,11_76_20251001,5,15_17022_1_20251001,5,桜町バスターミナル,M6-3：松橋駅→城南→イオン→田迎→桜町バスターミナル
17:42,1_1255_20251001,5,15_17022_1_20251001,8,桜町バスターミナル,M6-3：松橋駅→城南→イオン→田迎→桜町バスターミナル
17:45,2_695_20251001,6,2_2061_2_20251001,6,甲佐,M4-1：桜町バスターミナル→田迎→イオン→辺場→甲佐
17:45,3_1596_20251001,6,3_3043_2_20251001,7,甲佐,M3-1：桜町バスターミナル→田迎→イオン→御船→甲佐
17:46,1_111000497_20251001,2,4007_3661_1_20251001,0,熊本駅前,O3-0：熊本駅→本荘町→大学病院構内→県立劇場→南熊本駅→熊本駅
17:47,1_111001566_20251001,2,4022_2312_2_20251001,0,桜町バスターミナル,P2-1：野越団地→済生会病院→平成町→下通筋→桜町バスターミナル
17:47,1_1379_20251001,2,38_38111_2_20251001,8,御幸木部,P2-2：桜町バスターミナル→大学病院→御幸木部
17:47,11_201_20251001,2,38_38111_2_20251001,5,御幸木部,P2-2：桜町バスターミナル→大学病院→御幸木部
17:48,2_584_20251001,5,3_30122_1_20251001,6,桜町バスターミナル,M2-1：イオン→中の瀬車庫→田迎→桜町バスターミナル
17:48,7_311001134_20251001,2,4022_2312_2_20251001,7,桜町バスターミナル,P2-1：野越団地→済生会病院→平成町→下通筋→桜町バスターミナル
17:50,11_214_20251001,1,38_38332_1_20251001,5,桜町バスターミナル,P2-4：御幸木部→大学病院構内→桜町バスターミナル
17:50,1_1392_20251001,1,38_38332_1_20251001,8,桜町バスターミナル,P2-4：御幸木部→大学病院構内→桜町バスターミナル
17:51,1_111000661_20251001,3,4021_4531_1_20251001,0,桜町バスターミナル,P0-0：桜町バスターミナル→下通筋→南熊本駅→画図道→桜町バスターミナル
17:55,1_111001680_20251001,3,4007_3601_1_20251001,0,熊本駅前,O4-0：熊本駅→南熊本駅→県立劇場→本荘町→熊本駅
17:56,11_32_20251001,6,3_30121_2_20251001,5,イオンモール熊本,M2-1：桜町バスターミナル→田迎→中の瀬車庫→イオン
17:56,1_1213_20251001,6,3_30121_2_20251001,8,イオンモール熊本,M2-1：桜町バスターミナル→田迎→中の瀬車庫→イオン
17:57,2_554_20251001,2,38_38111_2_20251001,6,御幸木部,P2-2：桜町バスターミナル→大学病院→御幸木部
17:57,3_1734_20251001,2,38_38111_2_20251001,7,御幸木部,P2-2：桜町バスターミナル→大学病院→御幸木部
17:57,2_549_20251001,1,38_38332_1_20251001,6,桜町バスターミナル,P2-4：御幸木部→大学病院構内→桜町バスターミナル
17:59,3_1624_20251001,5,15_15042_1_20251001,7,桜町バスターミナル,M6-1：城南→イオン→田迎→桜町バスターミナル
18:00,3_1784_20251001,6,15_15041_2_20251001,7,城南,M6-1：桜町バスターミナル→田迎→イオン→城南
18:00,11_53_20251001,5,3_3044_1_20251001,5,桜町バスターミナル,M3-1：甲佐→御船→イオン→田迎→桜町バスターミナル
18:00,1_1233_20251001,5,3_3044_1_20251001,8,桜町バスターミナル,M3-1：甲佐→御船→イオン→田迎→桜町バスターミナル
18:01,11_34_20251001,6,3_3043_2_20251001,5,甲佐,M3-1：桜町バスターミナル→田迎→イオン→御船→甲佐
18:01,2_628_20251001,5,3_30092_1_20251001,6,桜町バスターミナル,M1-1：中の瀬車庫→田迎→桜町バスターミナル
18:01,1_1215_20251001,6,3_3043_2_20251001,8,甲佐,M3-1：桜町バスターミナル→田迎→イオン→御船→甲佐
18:02,3_1729_20251001,1,38_38332_1_20251001,7,桜町バスターミナル,P2-4：御幸木部→大学病院構内→桜町バスターミナル
18:03,1_111000686_20251001,2,4021_4521_1_20251001,0,桜町バスターミナル,L0-0：桜町バスターミナル→画図道→南熊本駅→下通筋→桜町バスターミナル
18:03,7_311001143_20251001,3,4022_2311_1_20251001,7,野越団地,P2-1：桜町バスターミナル→下通筋→平成町→済生会病院→野越団地
18:05,2_696_20251001,6,3_30121_2_20251001,6,イオンモール熊本,M2-1：桜町バスターミナル→田迎→中の瀬車庫→イオン
18:06,1_111000523_20251001,2,4020_4141_1_20251001,0,桜町バスターミナル,P3-1：長溝団地→南熊本駅→新市街→桜町バスターミナル
18:06,1_1322_20251001,6,25_25051_2_20251001,8,甲佐,M5-1：桜町バスターミナル→田迎→イオン→乙女→甲佐
18:06,11_144_20251001,6,25_25051_2_20251001,5,甲佐,M5-1：桜町バスターミナル→田迎→イオン→乙女→甲佐
18:08,7_311000401_20251001,2,4020_4141_1_20251001,7,桜町バスターミナル,P3-1：長溝団地→南熊本駅→新市街→桜町バスターミナル
18:13,2_591_20251001,5,3_30122_1_20251001,6,桜町バスターミナル,M2-1：イオン→中の瀬車庫→田迎→桜町バスターミナル
18:15,11_215_20251001,1,38_38332_1_20251001,5,桜町バスターミナル,P2-4：御幸木部→大学病院構内→桜町バスターミナル
18:15,2_402_20251001,6,2_2321_2_20251001,6,砥用・学校前,M4-2：桜町バスターミナル→田迎→イオン→辺場→砥用
18:15,1_1393_20251001,1,38_38332_1_20251001,8,桜町バスターミナル,P2-4：御幸木部→大学病院構内→桜町バスターミナル
18:15,1_111001589_20251001,2,4022_2302_2_20251001,0,桜町バスターミナル,P1-1：済生会病院→萩原→辛島町→桜町バスターミナル
18:17,1_1380_20251001,2,38_38111_2_20251001,8,御幸木部,P2-2：桜町バスターミナル→大学病院→御幸木部
18:17,11_202_20251001,2,38_38111_2_20251001,5,御幸木部,P2-2：桜町バスターミナル→大学病院→御幸木部
18:17,2_573_20251001,5,15_17022_1_20251001,6,桜町バスターミナル,M6-3：松橋駅→城南→イオン→田迎→桜町バスターミナル
18:20,3_1690_20251001,6,25_25051_2_20251001,7,甲佐,M5-1：桜町バスターミナル→田迎→イオン→乙女→甲佐
18:20,2_445_20251001,6,3_30121_2_20251001,6,イオンモール熊本,M2-1：桜町バスターミナル→田迎→中の瀬車庫→イオン
18:21,1_111000662_20251001,3,4021_4531_1_20251001,0,桜町バスターミナル,P0-0：桜町バスターミナル→下通筋→南熊本駅→画図道→桜町バスターミナル
18:21,1_1242_20251001,6,15_15041_2_20251001,8,城南,M6-1：桜町バスターミナル→田迎→イオン→城南
18:21,11_62_20251001,6,15_15041_2_20251001,5,城南,M6-1：桜町バスターミナル→田迎→イオン→城南
18:22,11_48_20251001,5,3_30122_1_20251001,5,桜町バスターミナル,M2-1：イオン→中の瀬車庫→田迎→桜町バスターミナル
18:22,1_1228_20251001,5,3_30122_1_20251001,8,桜町バスターミナル,M2-1：イオン→中の瀬車庫→田迎→桜町バスターミナル
18:22,3_1735_20251001,2,38_38111_2_20251001,7,御幸木部,P2-2：桜町バスターミナル→大学病院→御幸木部
18:22,2_555_20251001,2,38_38111_2_20251001,6,御幸木部,P2-2：桜町バスターミナル→大学病院→御幸木部
18:26,7_311000509_20251001,2,4021_4521_1_20251001,7,桜町バスターミナル,L0-0：桜町バスターミナル→画図道→南熊本駅→下通筋→桜町バスターミナル
18:27,2_563_20251001,1,38_38332_1_20251001,6,桜町バスターミナル,P2-4：御幸木部→大学病院構内→桜町バスターミナル
18:27,1_111001567_20251001,2,4022_2312_2_20251001,0,桜町バスターミナル,P2-1：野越団地→済生会病院→平成町→下通筋→桜町バスターミナル
18:28,1_1205_20251001,5,2_2062_1_20251001,8,桜町バスターミナル,M4-1：甲佐→辺場→イオン→田迎→桜町バスターミナル
18:28,11_24_20251001,5,2_2062_1_20251001,5,桜町バスターミナル,M4-1：甲佐→辺場→イオン→田迎→桜町バスターミナル
18:28,1_111000538_20251001,3,4020_4142_2_20251001,0,長溝団地,P3-1：桜町バスターミナル→新市街→南熊本駅→長溝団地
18:28,7_311000490_20251001,3,4021_4531_1_20251001,7,桜町バスターミナル,P0-0：桜町バスターミナル→下通筋→南熊本駅→画図道→桜町バスターミナル
18:30,2_408_20251001,5,2_2062_1_20251001,6,桜町バスターミナル,M4-1：甲佐→辺場→イオン→田迎→桜町バスターミナル
18:31,1_1459_20251001,6,2_2321_2_20251001,8,砥用・学校前,M4-2：桜町バスターミナル→田迎→イオン→辺場→砥用
18:31,11_282_20251001,6,2_2321_2_20251001,5,砥用・学校前,M4-2：桜町バスターミナル→田迎→イオン→辺場→砥用
18:34,3_1564_20251001,5,1_1314_1_20251001,7,桜町バスターミナル,M3-2：通潤山荘→イオン→田迎→桜町バスターミナル
18:37,2_436_20251001,5,3_30122_1_20251001,6,桜町バスターミナル,M2-1：イオン→中の瀬車庫→田迎→桜町バスターミナル
18:37,1_1252_20251001,5,15_16032_1_20251001,8,桜町バスターミナル,M6-2：宇土駅→城南→イオン→田迎→桜町バスターミナル
18:37,11_73_20251001,5,15_16032_1_20251001,5,桜町バスターミナル,M6-2：宇土駅→城南→イオン→田迎→桜町バスターミナル
18:38,1_111000687_20251001,2,4021_4521_1_20251001,0,桜町バスターミナル,L0-0：桜町バスターミナル→画図道→南熊本駅→下通筋→桜町バスターミナル
18:40,3_1632_20251001,6,15_15041_2_20251001,7,城南,M6-1：桜町バスターミナル→田迎→イオン→城南
18:40,2_639_20251001,6,15_15041_2_20251001,6,城南,M6-1：桜町バスターミナル→田迎→イオン→城南
18:41,1_111001583_20251001,3,4022_2311_1_20251001,0,野越団地,P2-1：桜町バスターミナル→下通筋→平成町→済生会病院→野越団地
18:41,7_311000416_20251001,3,4020_4142_2_20251001,7,長溝団地,P3-1：桜町バスターミナル→新市街→南熊本駅→長溝団地
18:44,3_1610_20251001,5,3_30122_1_20251001,7,桜町バスターミナル,M2-1：イオン→中の瀬車庫→田迎→桜町バスターミナル
18:45,1_1187_20251001,6,1_1313_2_20251001,8,通潤山荘,M3-2：桜町バスターミナル→田迎→イオン→通潤山荘
18:45,11_6_20251001,6,1_1313_2_20251001,5,通潤山荘,M3-2：桜町バスターミナル→田迎→イオン→通潤山荘
18:48,7_311000091_20251001,2,4022_2312_2_20251001,7,桜町バスターミナル,P2-1：野越団地→済生会病院→平成町→下通筋→桜町バスターミナル
18:49,11_203_20251001,2,38_38111_2_20251001,5,御幸木部,P2-2：桜町バスターミナル→大学病院→御幸木部
18:49,1_111000500_20251001,2,4007_3681_1_20251001,0,熊本駅前,O3-0：熊本駅→本荘町→大学病院構内→県立劇場→南熊本駅→熊本駅
18:49,1_1381_20251001,2,38_38111_2_20251001,8,御幸木部,P2-2：桜町バスターミナル→大学病院→御幸木部
18:50,3_1575_20251001,6,2_2321_2_20251001,7,砥用・学校前,M4-2：桜町バスターミナル→田迎→イオン→辺場→砥用
18:51,2_576_20251001,5,15_16032_1_20251001,6,桜町バスターミナル,M6-2：宇土駅→城南→イオン→田迎→桜町バスターミナル
18:52,11_216_20251001,1,38_38332_1_20251001,5,桜町バスターミナル,P2-4：御幸木部→大学病院構内→桜町バスターミナル
18:52,1_1394_20251001,1,38_38332_1_20251001,8,桜町バスターミナル,P2-4：御幸木部→大学病院構内→桜町バスターミナル
18:53,3_1578_20251001,5,2_2062_1_20251001,7,桜町バスターミナル,M4-1：甲佐→辺場→イオン→田迎→桜町バスターミナル
18:53,1_111000496_20251001,3,4007_3641_1_20251001,0,熊本駅前,O4-0：熊本駅→南熊本駅→県立劇場→本荘町→熊本駅
18:54,11_287_20251001,5,2_2422_1_20251001,5,桜町バスターミナル,M4-3：浜町→内大臣→辺場→イオン→田迎→桜町バスターミナル
18:54,1_1464_20251001,5,2_2422_1_20251001,8,桜町バスターミナル,M4-3：浜町→内大臣→辺場→イオン→田迎→桜町バスターミナル
18:55,2_592_20251001,6,3_30091_2_20251001,6,中の瀬車庫,M1-1：桜町バスターミナル→田迎→中の瀬車庫
18:55,2_556_20251001,2,38_38111_2_20251001,6,御幸木部,P2-2：桜町バスターミナル→大学病院→御幸木部
18:56,1_111000524_20251001,2,4020_4141_1_20251001,0,桜町バスターミナル,P3-1：長溝団地→南熊本駅→新市街→桜町バスターミナル
18:57,2_550_20251001,1,38_38332_1_20251001,6,桜町バスターミナル,P2-4：御幸木部→大学病院構内→桜町バスターミナル
18:57,3_1730_20251001,1,38_38332_1_20251001,7,桜町バスターミナル,P2-4：御幸木部→大学病院構内→桜町バスターミナル
18:59,2_421_20251001,5,3_3044_1_20251001,6,桜町バスターミナル,M3-1：甲佐→御船→イオン→田迎→桜町バスターミナル
19:01,1_111000663_20251001,3,4021_4531_1_20251001,0,桜町バスターミナル,P0-0：桜町バスターミナル→下通筋→南熊本駅→画図道→桜町バスターミナル
19:02,3_1736_20251001,2,38_38111_2_20251001,7,御幸木部,P2-2：桜町バスターミナル→大学病院→御幸木部
19:03,7_311000090_20251001,3,4022_2311_1_20251001,7,野越団地,P2-1：桜町バスターミナル→下通筋→平成町→済生会病院→野越団地
19:04,3_1776_20251001,5,15_18022_1_20251001,7,桜町バスターミナル,M6-4：志導寺→城南→イオン→田迎→桜町バスターミナル
19:05,11_60_20251001,6,15_15041_2_20251001,5,城南,M6-1：桜町バスターミナル→田迎→イオン→城南
19:05,1_1240_20251001,6,15_15041_2_20251001,8,城南,M6-1：桜町バスターミナル→田迎→イオン→城南
19:08,7_311000402_20251001,2,4020_4141_1_20251001,7,桜町バスターミナル,P3-1：長溝団地→南熊本駅→新市街→桜町バスターミナル
19:10,1_1194_20251001,5,1_1314_1_20251001,8,桜町バスターミナル,M3-2：通潤山荘→イオン→田迎→桜町バスターミナル
19:10,2_397_20251001,6,1_1313_2_20251001,6,通潤山荘,M3-2：桜町バスターミナル→田迎→イオン→通潤山荘
19:10,3_1569_20251001,6,1_1313_2_20251001,7,通潤山荘,M3-2：桜町バスターミナル→田迎→イオン→通潤山荘
19:10,11_13_20251001,5,1_1314_1_20251001,5,桜町バスターミナル,M3-2：通潤山荘→イオン→田迎→桜町バスターミナル
19:11,1_111000689_20251001,2,4021_4521_1_20251001,0,桜町バスターミナル,L0-0：桜町バスターミナル→画図道→南熊本駅→下通筋→桜町バスターミナル
19:14,2_391_20251001,5,1_1314_1_20251001,6,桜町バスターミナル,M3-2：通潤山荘→イオン→田迎→桜町バスターミナル
19:15,1_1506_20251001,2,38_38111_2_20251001,8,御幸木部,P2-2：桜町バスターミナル→大学病院→御幸木部
19:15,11_329_20251001,2,38_38111_2_20251001,5,御幸木部,P2-2：桜町バスターミナル→大学病院→御幸木部
19:17,11_217_20251001,1,38_38332_1_20251001,5,桜町バスターミナル,P2-4：御幸木部→大学病院構内→桜町バスターミナル
19:17,3_1591_20251001,5,3_3044_1_20251001,7,桜町バスターミナル,M3-1：甲佐→御船→イオン→田迎→桜町バスターミナル
19:17,1_1395_20251001,1,38_38332_1_20251001,8,桜町バスターミナル,P2-4：御幸木部→大学病院構内→桜町バスターミナル
19:20,2_510_20251001,6,25_25051_2_20251001,6,甲佐,M5-1：桜町バスターミナル→田迎→イオン→乙女→甲佐
19:20,11_35_20251001,6,3_3043_2_20251001,5,甲佐,M3-1：桜町バスターミナル→田迎→イオン→御船→甲佐
19:20,1_1216_20251001,6,3_3043_2_20251001,8,甲佐,M3-1：桜町バスターミナル→田迎→イオン→御船→甲佐
19:24,7_311000511_20251001,2,4021_4521_1_20251001,7,桜町バスターミナル,L0-0：桜町バスターミナル→画図道→南熊本駅→下通筋→桜町バスターミナル
19:25,11_17_20251001,6,2_2061_2_20251001,5,甲佐,M4-1：桜町バスターミナル→田迎→イオン→辺場→甲佐
19:25,1_1198_20251001,6,2_2061_2_20251001,8,甲佐,M4-1：桜町バスターミナル→田迎→イオン→辺場→甲佐
19:25,3_1618_20251001,6,3_30121_2_20251001,7,イオンモール熊本,M2-1：桜町バスターミナル→田迎→中の瀬車庫→イオン
19:26,1_111000539_20251001,3,4020_4142_2_20251001,0,長溝団地,P3-1：桜町バスターミナル→新市街→南熊本駅→長溝団地
19:27,2_565_20251001,2,38_38111_2_20251001,6,御幸木部,P2-2：桜町バスターミナル→大学病院→御幸木部
19:28,7_311000491_20251001,3,4021_4531_1_20251001,7,桜町バスターミナル,P0-0：桜町バスターミナル→下通筋→南熊本駅→画図道→桜町バスターミナル
19:29,2_439_20251001,5,3_30122_1_20251001,6,桜町バスターミナル,M2-1：イオン→中の瀬車庫→田迎→桜町バスターミナル
19:30,2_413_20251001,6,2_2061_2_20251001,6,甲佐,M4-1：桜町バスターミナル→田迎→イオン→辺場→甲佐
19:31,7_311000055_20251001,3,4020_4142_2_20251001,7,長溝団地,P3-1：桜町バスターミナル→新市街→南熊本駅→長溝団地
19:33,1_111001584_20251001,3,4022_2311_1_20251001,0,野越団地,P2-1：桜町バスターミナル→下通筋→平成町→済生会病院→野越団地
19:34,11_338_20251001,5,15_15042_1_20251001,5,桜町バスターミナル,M6-1：城南→イオン→田迎→桜町バスターミナル
19:34,1_1515_20251001,5,15_15042_1_20251001,8,桜町バスターミナル,M6-1：城南→イオン→田迎→桜町バスターミナル
19:35,3_1823_20251001,6,3_30091_2_20251001,7,中の瀬車庫,M1-1：桜町バスターミナル→田迎→中の瀬車庫
19:36,1_111000120_20251001,2,4022_2312_2_20251001,0,桜町バスターミナル,P2-1：野越団地→済生会病院→平成町→下通筋→桜町バスターミナル
19:37,3_1611_20251001,5,3_30122_1_20251001,7,桜町バスターミナル,M2-1：イオン→中の瀬車庫→田迎→桜町バスターミナル
19:39,2_600_20251001,5,3_30092_1_20251001,6,桜町バスターミナル,M1-1：中の瀬車庫→田迎→桜町バスターミナル
19:40,2_427_20251001,6,3_3043_2_20251001,6,甲佐,M3-1：桜町バスターミナル→田迎→イオン→御船→甲佐
19:40,3_1633_20251001,6,15_15041_2_20251001,7,城南,M6-1：桜町バスターミナル→田迎→イオン→城南
19:42,1_1507_20251001,1,38_38332_1_20251001,8,桜町バスターミナル,P2-4：御幸木部→大学病院構内→桜町バスターミナル
19:42,11_330_20251001,1,38_38332_1_20251001,5,桜町バスターミナル,P2-4：御幸木部→大学病院構内→桜町バスターミナル
19:45,1_111000664_20251001,3,4021_4531_1_20251001,0,桜町バスターミナル,P0-0：桜町バスターミナル→下通筋→南熊本駅→画図道→桜町バスターミナル
19:45,1_1382_20251001,2,38_38111_2_20251001,8,御幸木部,P2-2：桜町バスターミナル→大学病院→御幸木部
19:45,1_1454_20251001,6,3_30091_2_20251001,8,中の瀬車庫,M1-1：桜町バスターミナル→田迎→中の瀬車庫
19:45,11_277_20251001,6,3_30091_2_20251001,5,中の瀬車庫,M1-1：桜町バスターミナル→田迎→中の瀬車庫
19:45,11_204_20251001,2,38_38111_2_20251001,5,御幸木部,P2-2：桜町バスターミナル→大学病院→御幸木部
19:49,1_111000525_20251001,2,4020_4141_1_20251001,0,桜町バスターミナル,P3-1：長溝団地→南熊本駅→新市街→桜町バスターミナル
19:50,3_1584_20251001,6,2_2061_2_20251001,7,甲佐,M4-1：桜町バスターミナル→田迎→イオン→辺場→甲佐
19:53,1_111000690_20251001,2,4021_4521_1_20251001,0,桜町バスターミナル,L0-0：桜町バスターミナル→画図道→南熊本駅→下通筋→桜町バスターミナル
19:55,2_448_20251001,6,15_15041_2_20251001,6,城南,M6-1：桜町バスターミナル→田迎→イオン→城南
19:55,3_1597_20251001,6,3_3043_2_20251001,7,甲佐,M3-1：桜町バスターミナル→田迎→イオン→御船→甲佐
19:56,1_1550_20251001,5,15_17022_1_20251001,8,桜町バスターミナル,M6-3：松橋駅→城南→イオン→田迎→桜町バスターミナル
19:56,11_373_20251001,5,15_17022_1_20251001,5,桜町バスターミナル,M6-3：松橋駅→城南→イオン→田迎→桜町バスターミナル
19:57,2_551_20251001,1,38_38332_1_20251001,6,桜町バスターミナル,P2-4：御幸木部→大学病院構内→桜町バスターミナル
19:57,3_1737_20251001,2,38_38111_2_20251001,7,御幸木部,P2-2：桜町バスターミナル→大学病院→御幸木部
20:00,11_7_20251001,6,1_1313_2_20251001,5,通潤山荘,M3-2：桜町バスターミナル→田迎→イオン→通潤山荘
20:00,1_1188_20251001,6,1_1313_2_20251001,8,通潤山荘,M3-2：桜町バスターミナル→田迎→イオン→通潤山荘
20:03,3_1625_20251001,5,15_15042_1_20251001,7,桜町バスターミナル,M6-1：城南→イオン→田迎→桜町バスターミナル
20:05,2_574_20251001,5,15_17022_1_20251001,6,桜町バスターミナル,M6-3：松橋駅→城南→イオン→田迎→桜町バスターミナル
20:05,2_566_20251001,6,1_1313_2_20251001,6,通潤山荘,M3-2：桜町バスターミナル→田迎→イオン→通潤山荘
20:07,2_557_20251001,2,38_38111_2_20251001,6,御幸木部,P2-2：桜町バスターミナル→大学病院→御幸木部
20:07,3_1731_20251001,1,38_38332_1_20251001,7,桜町バスターミナル,P2-4：御幸木部→大学病院構内→桜町バスターミナル
20:09,2_412_20251001,6,2_2061_2_20251001,6,甲佐,M4-1：桜町バスターミナル→田迎→イオン→辺場→甲佐
20:09,1_1218_20251001,6,3_30091_2_20251001,8,中の瀬車庫,M1-1：桜町バスターミナル→田迎→中の瀬車庫
20:09,11_37_20251001,6,3_30091_2_20251001,5,中の瀬車庫,M1-1：桜町バスターミナル→田迎→中の瀬車庫
20:13,7_311000512_20251001,2,4021_4521_1_20251001,7,桜町バスターミナル,L0-0：桜町バスターミナル→画図道→南熊本駅→下通筋→桜町バスターミナル
20:14,2_446_20251001,6,3_30121_2_20251001,6,イオンモール熊本,M2-1：桜町バスターミナル→田迎→中の瀬車庫→イオン
20:15,1_1234_20251001,5,3_3044_1_20251001,8,桜町バスターミナル,M3-1：甲佐→御船→イオン→田迎→桜町バスターミナル
20:15,11_54_20251001,5,3_3044_1_20251001,5,桜町バスターミナル,M3-1：甲佐→御船→イオン→田迎→桜町バスターミナル
20:17,1_111000540_20251001,3,4020_4142_2_20251001,0,長溝団地,P3-1：桜町バスターミナル→新市街→南熊本駅→長溝団地
20:18,7_311000492_20251001,3,4021_4531_1_20251001,7,桜町バスターミナル,P0-0：桜町バスターミナル→下通筋→南熊本駅→画図道→桜町バスターミナル
20:21,2_440_20251001,5,3_30122_1_20251001,6,桜町バスターミナル,M2-1：イオン→中の瀬車庫→田迎→桜町バスターミナル
20:22,3_1579_20251001,5,2_2062_1_20251001,7,桜町バスターミナル,M4-1：甲佐→辺場→イオン→田迎→桜町バスターミナル
20:29,1_1195_20251001,5,1_1314_1_20251001,8,桜町バスターミナル,M3-2：通潤山荘→イオン→田迎→桜町バスターミナル
20:29,11_205_20251001,2,38_38111_2_20251001,5,御幸木部,P2-2：桜町バスターミナル→大学病院→御幸木部
20:29,11_14_20251001,5,1_1314_1_20251001,5,桜町バスターミナル,M3-2：通潤山荘→イオン→田迎→桜町バスターミナル
20:29,1_1383_20251001,2,38_38111_2_20251001,8,御幸木部,P2-2：桜町バスターミナル→大学病院→御幸木部
20:31,3_1612_20251001,5,3_30122_1_20251001,7,桜町バスターミナル,M2-1：イオン→中の瀬車庫→田迎→桜町バスターミナル
20:34,2_428_20251001,6,3_3043_2_20251001,6,甲佐,M3-1：桜町バスターミナル→田迎→イオン→御船→甲佐
20:34,11_234_20251001,6,15_15041_2_20251001,5,城南,M6-1：桜町バスターミナル→田迎→イオン→城南
20:34,1_1412_20251001,6,15_15041_2_20251001,8,城南,M6-1：桜町バスターミナル→田迎→イオン→城南
20:35,2_392_20251001,5,1_1314_1_20251001,6,桜町バスターミナル,M3-2：通潤山荘→イオン→田迎→桜町バスターミナル
20:39,3_1846_20251001,6,15_15041_2_20251001,7,城南,M6-1：桜町バスターミナル→田迎→イオン→城南
20:39,2_640_20251001,5,15_15042_1_20251001,6,桜町バスターミナル,M6-1：城南→イオン→田迎→桜町バスターミナル
20:40,1_1396_20251001,1,38_38332_1_20251001,8,桜町バスターミナル,P2-4：御幸木部→大学病院構内→桜町バスターミナル
20:40,11_218_20251001,1,38_38332_1_20251001,5,桜町バスターミナル,P2-4：御幸木部→大学病院構内→桜町バスターミナル
20:44,11_357_20251001,6,2_2061_2_20251001,5,甲佐,M4-1：桜町バスターミナル→田迎→イオン→辺場→甲佐
20:44,2_449_20251001,6,15_15041_2_20251001,6,城南,M6-1：桜町バスターミナル→田迎→イオン→城南
20:44,1_1534_20251001,6,2_2061_2_20251001,8,甲佐,M4-1：桜町バスターミナル→田迎→イオン→辺場→甲佐
20:50,1_111000666_20251001,3,4021_4531_1_20251001,0,桜町バスターミナル,P0-0：桜町バスターミナル→下通筋→南熊本駅→画図道→桜町バスターミナル
20:52,1_111000692_20251001,2,4021_4521_1_20251001,0,桜町バスターミナル,L0-0：桜町バスターミナル→画図道→南熊本駅→下通筋→桜町バスターミナル
20:54,2_585_20251001,6,3_30121_2_20251001,6,イオンモール熊本,M2-1：桜町バスターミナル→田迎→中の瀬車庫→イオン
20:54,3_1598_20251001,6,3_3043_2_20251001,7,甲佐,M3-1：桜町バスターミナル→田迎→イオン→御船→甲佐
20:59,3_1840_20251001,6,3_30091_2_20251001,7,中の瀬車庫,M1-1：桜町バスターミナル→田迎→中の瀬車庫
21:03,7_311000513_20251001,2,4021_4521_1_20251001,7,桜町バスターミナル,L0-0：桜町バスターミナル→画図道→南熊本駅→下通筋→桜町バスターミナル
21:04,3_1738_20251001,2,38_38111_2_20251001,7,御幸木部,P2-2：桜町バスターミナル→大学病院→御幸木部
21:04,3_1585_20251001,6,2_2061_2_20251001,7,甲佐,M4-1：桜町バスターミナル→田迎→イオン→辺場→甲佐
21:04,1_1217_20251001,6,3_3043_2_20251001,8,甲佐,M3-1：桜町バスターミナル→田迎→イオン→御船→甲佐
21:04,2_558_20251001,2,38_38111_2_20251001,6,御幸木部,P2-2：桜町バスターミナル→大学病院→御幸木部
21:04,11_36_20251001,6,3_3043_2_20251001,5,甲佐,M3-1：桜町バスターミナル→田迎→イオン→御船→甲佐
21:12,2_409_20251001,5,2_2062_1_20251001,6,桜町バスターミナル,M4-1：甲佐→辺場→イオン→田迎→桜町バスターミナル
21:14,1_1235_20251001,5,3_3044_1_20251001,8,桜町バスターミナル,M3-1：甲佐→御船→イオン→田迎→桜町バスターミナル
21:14,11_55_20251001,5,3_3044_1_20251001,5,桜町バスターミナル,M3-1：甲佐→御船→イオン→田迎→桜町バスターミナル
21:17,2_599_20251001,5,3_30092_1_20251001,6,桜町バスターミナル,M1-1：中の瀬車庫→田迎→桜町バスターミナル
21:19,3_1592_20251001,5,3_3044_1_20251001,7,桜町バスターミナル,M3-1：甲佐→御船→イオン→田迎→桜町バスターミナル
21:22,11_206_20251001,2,38_38111_2_20251001,5,御幸木部,P2-2：桜町バスターミナル→大学病院→御幸木部
21:22,1_1384_20251001,2,38_38111_2_20251001,8,御幸木部,P2-2：桜町バスターミナル→大学病院→御幸木部
21:24,2_450_20251001,6,15_15041_2_20251001,6,城南,M6-1：桜町バスターミナル→田迎→イオン→城南
21:25,2_422_20251001,5,3_3044_1_20251001,6,桜町バスターミナル,M3-1：甲佐→御船→イオン→田迎→桜町バスターミナル
21:44,1_1199_20251001,6,2_2061_2_20251001,8,甲佐,M4-1：桜町バスターミナル→田迎→イオン→辺場→甲佐
21:44,2_429_20251001,6,3_3043_2_20251001,6,甲佐,M3-1：桜町バスターミナル→田迎→イオン→御船→甲佐
21:44,11_18_20251001,6,2_2061_2_20251001,5,甲佐,M4-1：桜町バスターミナル→田迎→イオン→辺場→甲佐
21:49,3_1599_20251001,6,3_3043_2_20251001,7,甲佐,M3-1：桜町バスターミナル→田迎→イオン→御船→甲佐
21:49,3_1848_20251001,5,3_30122_1_20251001,7,桜町バスターミナル,M2-1：イオン→中の瀬車庫→田迎→桜町バスターミナル
21:49,2_441_20251001,5,3_30122_1_20251001,6,桜町バスターミナル,M2-1：イオン→中の瀬車庫→田迎→桜町バスターミナル
21:51,1_1405_20251001,5,15_15042_1_20251001,8,桜町バスターミナル,M6-1：城南→イオン→田迎→桜町バスターミナル
21:51,11_227_20251001,5,15_15042_1_20251001,5,桜町バスターミナル,M6-1：城南→イオン→田迎→桜町バスターミナル
21:52,1_111000693_20251001,2,4021_4521_1_20251001,0,桜町バスターミナル,L0-0：桜町バスターミナル→画図道→南熊本駅→下通筋→桜町バスターミナル
21:59,2_414_20251001,6,2_2061_2_20251001,6,甲佐,M4-1：桜町バスターミナル→田迎→イオン→辺場→甲佐
22:19,2_451_20251001,6,15_15041_2_20251001,6,城南,M6-1：桜町バスターミナル→田迎→イオン→城南
22:19,11_228_20251001,6,15_15041_2_20251001,5,城南,M6-1：桜町バスターミナル→田迎→イオン→城南
22:19,1_1406_20251001,6,15_15041_2_20251001,8,城南,M6-1：桜町バスターミナル→田迎→イオン→城南
22:31,11_339_20251001,5,2_2062_1_20251001,5,桜町バスターミナル,M4-1：甲佐→辺場→イオン→田迎→桜町バスターミナル
22:31,1_1516_20251001,5,2_2062_1_20251001,8,桜町バスターミナル,M4-1：甲佐→辺場→イオン→田迎→桜町バスターミナル
22:34,3_1613_20251001,5,3_30122_1_20251001,7,桜町バスターミナル,M2-1：イオン→中の瀬車庫→田迎→桜町バスターミナル
22:34,3_1849_20251001,6,3_30121_2_20251001,7,イオンモール熊本,M2-1：桜町バスターミナル→田迎→中の瀬車庫→イオン
22:36,2_641_20251001,5,15_15042_1_20251001,6,桜町バスターミナル,M6-1：城南→イオン→田迎→桜町バスターミナル
22:59,11_340_20251001,6,3_30121_2_20251001,5,イオンモール熊本,M2-1：桜町バスターミナル→田迎→中の瀬車庫→イオン
22:59,1_1517_20251001,6,3_30121_2_20251001,8,イオンモール熊本,M2-1：桜町バスターミナル→田迎→中の瀬車庫→イオン
23:04,3_1605_20251001,6,3_30091_2_20251001,7,中の瀬車庫,M1-1：桜町バスターミナル→田迎→中の瀬車庫
23:09,2_588_20251001,6,3_30091_2_20251001,6,中の瀬車庫,M1-1：桜町バスターミナル→田迎→中の瀬車庫
23:27,2_630_20251001,5,3_30122_1_20251001,6,桜町バスターミナル,M2-1：イオン→中の瀬車庫→田迎→桜町バスターミナル
23:27,3_1847_20251001,5,3_30122_1_20251001,7,桜町バスターミナル,M2-1：イオン→中の瀬車庫→田迎→桜町バスターミナル
23:28,11_341_20251001,5,3_30122_1_20251001,5,桜町バスターミナル,M2-1：イオン→中の瀬車庫→田迎→桜町バスターミナル
23:28,1_1518_20251001,5,3_30122_1_20251001,8,桜町バスターミナル,M2-1：イオン→中の瀬車庫→田迎→桜町バスターミナル
23:49,11_258_20251001,6,3_30141_2_20251001,5,イオンモール熊本,M2-1：◆深夜◆桜町バスターミナル→田迎→中車庫→イオン
23:49,2_631_20251001,6,3_30141_2_20251001,6,イオンモール熊本,M2-1：◆深夜◆桜町バスターミナル→田迎→中車庫→イオン
